No,eda,服装,名前,じゃんけん,ポジション,高校,レアリティ,Lv,大分類,属性,色,パワー,補正,強化,強化補正,オートアクティブ,その他補正項目,その他補正値,No用
"1","1","ユニフォーム","日向翔陽","チョキ","MB","烏野","ICONIC","1","サーブ","オーバーサーブ","銅","21","0","0","0","","","","ユニフォーム日向翔陽ICONIC"
"17","1","ユニフォーム","月島蛍","チョキ","MB","烏野","ICONIC","1","サーブ","アンダーサーブ","銅","21","0","0","0","","","","ユニフォーム月島蛍ICONIC"
"35","1","ユニフォーム","田中龍之介","パー","WS","烏野","ICONIC","1","サーブ","オーバーサーブ","銅","22","0","0","0","","","","ユニフォーム田中龍之介ICONIC"
"40","1","ユニフォーム","澤村大地","チョキ","WS","烏野","ICONIC","1","サーブ","オーバーサーブ","銅","24","0","0","0","","","","ユニフォーム澤村大地ICONIC"
"45","1","ユニフォーム","菅原考支","パー","S","烏野","ICONIC","1","サーブ","オーバーサーブ","銅","24","0","0","0","","","","ユニフォーム菅原考支ICONIC"
"54","1","ユニフォーム","縁下力","パー","WS","烏野","ICONIC","1","サーブ","オーバーサーブ","銅","22","0","0","0","","","","ユニフォーム縁下力ICONIC"
"60","1","ユニフォーム","成田一仁","パー","MB","烏野","ICONIC","1","サーブ","オーバーサーブ","銅","21","0","0","0","","","","ユニフォーム成田一仁ICONIC"
"61","1","ユニフォーム","孤爪研磨","パー","S","音駒","ICONIC","1","サーブ","アンダーサーブ","銅","24","0","0","0","","","","ユニフォーム孤爪研磨ICONIC"
"75","1","ユニフォーム","灰羽リエーフ","グー","MB","音駒","ICONIC","1","サーブ","オーバーサーブ","銅","25","0","0","0","","","","ユニフォーム灰羽リエーフICONIC"
"83","1","ユニフォーム","福永招平","パー","WS","音駒","ICONIC","1","サーブ","アンダーサーブ","銅","27","0","0","0","","","","ユニフォーム福永招平ICONIC"
"85","1","ユニフォーム","犬岡走","パー","MB","音駒","ICONIC","1","サーブ","アンダーサーブ","銅","24","0","0","0","","","","ユニフォーム犬岡走ICONIC"
"87","1","ユニフォーム","山本猛虎","パー","WS","音駒","ICONIC","1","サーブ","スパイクサーブ","銅","34","0","0","0","","","","ユニフォーム山本猛虎ICONIC"
"90","1","ユニフォーム","海信之","パー","WS","音駒","ICONIC","1","サーブ","アンダーサーブ","銅","26","0","0","0","","","","ユニフォーム海信之ICONIC"
"92","1","ユニフォーム","海信之","パー","WS","音駒","YELL","1","サーブ","アンダーサーブ","銅","26","0","0","0","","","","ユニフォーム海信之YELL"
"94","1","ユニフォーム","青根高伸","グー","MB","伊達工","ICONIC","1","サーブ","アンダーサーブ","銅","24","0","0","0","","","","ユニフォーム青根高伸ICONIC"
"99","1","ユニフォーム","二口堅治","チョキ","WS","伊達工","ICONIC","1","サーブ","スパイクサーブ","銅","34","0","0","0","","","","ユニフォーム二口堅治ICONIC"
"106","1","ユニフォーム","黄金川貫至","グー","S","伊達工","ICONIC","1","サーブ","オーバーサーブ","銅","25","0","0","0","","","","ユニフォーム黄金川貫至ICONIC"
"110","1","ユニフォーム","小原豊","グー","WS","伊達工","ICONIC","1","サーブ","フローター","銅","31","0","0","0","","","","ユニフォーム小原豊ICONIC"
"114","1","ユニフォーム","吹上仁悟","グー","MB","伊達工","ICONIC","1","サーブ","オーバーサーブ","銅","26","0","0","0","","","","ユニフォーム吹上仁悟ICONIC"
"118","1","ユニフォーム","笹谷武仁","グー","WS","伊達工","ICONIC","1","サーブ","オーバーサーブ","銅","27","0","0","0","","","","ユニフォーム笹谷武仁ICONIC"
"126","1","ユニフォーム","岩泉一","チョキ","WS","青城","ICONIC","1","サーブ","スパイクサーブ","銅","32","0","0","0","","","","ユニフォーム岩泉一ICONIC"
"132","1","ユニフォーム","金田一勇太郎","パー","MB","青城","ICONIC","1","サーブ","オーバーサーブ","銅","26","0","0","0","","","","ユニフォーム金田一勇太郎ICONIC"
"136","1","ユニフォーム","京谷賢太郎","チョキ","WS","青城","ICONIC","1","サーブ","スパイクサーブ","銅","36","0","0","0","","","","ユニフォーム京谷賢太郎ICONIC"
"138","1","ユニフォーム","国見英","グー","WS","青城","ICONIC","1","サーブ","アンダーサーブ","銅","26","0","0","0","","","","ユニフォーム国見英ICONIC"
"144","1","ユニフォーム","松川一静","グー","MB","青城","ICONIC","1","サーブ","オーバーサーブ","銅","26","0","0","0","","","","ユニフォーム松川一静ICONIC"
"147","1","ユニフォーム","花巻貴大","グー","WS","青城","ICONIC","1","サーブ","アンダーサーブ","銅","26","0","0","0","","","","ユニフォーム花巻貴大ICONIC"
"153","1","ユニフォーム","駒木輝","グー","WS","常波","ICONIC","1","サーブ","オーバーサーブ","銅","25","0","0","0","","","","ユニフォーム駒木輝ICONIC"
"154","1","ユニフォーム","茶屋和馬","パー","MB","常波","ICONIC","1","サーブ","アンダーサーブ","銅","24","0","0","0","","","","ユニフォーム茶屋和馬ICONIC"
"155","1","ユニフォーム","玉川弘樹","パー","WS","常波","ICONIC","1","サーブ","アンダーサーブ","銅","25","0","0","0","","","","ユニフォーム玉川弘樹ICONIC"
"157","1","ユニフォーム","芳賀良治","パー","S","常波","ICONIC","1","サーブ","アンダーサーブ","銅","27","0","0","0","","","","ユニフォーム芳賀良治ICONIC"
"158","1","ユニフォーム","渋谷陸斗","パー","MB","常波","ICONIC","1","サーブ","オーバーサーブ","銅","25","0","0","0","","","","ユニフォーム渋谷陸斗ICONIC"
"159","1","ユニフォーム","池尻隼人","パー","WS","常波","ICONIC","1","サーブ","アンダーサーブ","銅","26","0","0","0","","","","ユニフォーム池尻隼人ICONIC"
"162","1","ユニフォーム","十和田良樹","チョキ","WS","扇南","ICONIC","1","サーブ","オーバーサーブ","銅","26","0","0","0","","","","ユニフォーム十和田良樹ICONIC"
"163","1","ユニフォーム","森岳歩","チョキ","MB","扇南","ICONIC","1","サーブ","オーバーサーブ","銅","25","0","0","0","","","","ユニフォーム森岳歩ICONIC"
"164","1","ユニフォーム","唐松拓巳","パー","WS","扇南","ICONIC","1","サーブ","オーバーサーブ","銅","26","0","0","0","","","","ユニフォーム唐松拓巳ICONIC"
"165","1","ユニフォーム","田沢裕樹","チョキ","WS","扇南","ICONIC","1","サーブ","アンダーサーブ","銅","26","0","0","0","","","","ユニフォーム田沢裕樹ICONIC"
"166","1","ユニフォーム","子安颯真","チョキ","MB","扇南","ICONIC","1","サーブ","アンダーサーブ","銅","26","0","0","0","","","","ユニフォーム子安颯真ICONIC"
"168","1","ユニフォーム","夏瀬伊吹","チョキ","S","扇南","ICONIC","1","サーブ","アンダーサーブ","銅","28","0","0","0","","","","ユニフォーム夏瀬伊吹ICONIC"
"169","1","ユニフォーム","秋宮昇","チョキ","S","扇南","ICONIC","1","サーブ","オーバーサーブ","銅","26","0","0","0","","","","ユニフォーム秋宮昇ICONIC"
"170","1","ユニフォーム","古牧譲","グー","S","角川","ICONIC","1","サーブ","オーバーサーブ","銅","28","0","0","0","","","","ユニフォーム古牧譲ICONIC"
"172","1","ユニフォーム","浅虫快人","チョキ","WS","角川","ICONIC","1","サーブ","オーバーサーブ","銅","27","0","0","0","","","","ユニフォーム浅虫快人ICONIC"
"174","1","ユニフォーム","湯川良明","グー","MB","角川","ICONIC","1","サーブ","オーバーサーブ","銅","26","0","0","0","","","","ユニフォーム湯川良明ICONIC"
"175","1","ユニフォーム","稲垣功","グー","WS","角川","ICONIC","1","サーブ","アンダーサーブ","銅","27","0","0","0","","","","ユニフォーム稲垣功ICONIC"
"176","1","ユニフォーム","馬門英治","グー","MB","角川","ICONIC","1","サーブ","オーバーサーブ","銅","26","0","0","0","","","","ユニフォーム馬門英治ICONIC"
"177","1","ユニフォーム","百沢雄大","グー","WS","角川","ICONIC","1","サーブ","オーバーサーブ","銅","25","0","0","0","","","","ユニフォーム百沢雄大ICONIC"
"184","1","ユニフォーム","母畑和馬","パー","MB","条善寺","ICONIC","1","サーブ","アンダーサーブ","銅","26","0","0","0","","","","ユニフォーム母畑和馬ICONIC"
"186","1","ユニフォーム","二岐丈晴","グー","S","条善寺","ICONIC","1","サーブ","オーバーサーブ","銅","28","0","0","0","","","","ユニフォーム二岐丈晴ICONIC"
"188","1","ユニフォーム","沼尻凛太郎","グー","WS","条善寺","ICONIC","1","サーブ","オーバーサーブ","銅","27","0","0","0","","","","ユニフォーム沼尻凛太郎ICONIC"
"189","1","ユニフォーム","飯坂信義","パー","MB","条善寺","ICONIC","1","サーブ","オーバーサーブ","銅","26","0","0","0","","","","ユニフォーム飯坂信義ICONIC"
"190","1","ユニフォーム","東山勝道","パー","WS","条善寺","ICONIC","1","サーブ","アンダーサーブ","銅","27","0","0","0","","","","ユニフォーム東山勝道ICONIC"
"192","1","ユニフォーム","中島猛","チョキ","WS","和久南","ICONIC","1","サーブ","スパイクサーブ","銅","35","0","0","0","","","","ユニフォーム中島猛ICONIC"
"194","1","ユニフォーム","白石優希","パー","WS","和久南","ICONIC","1","サーブ","オーバーサーブ","銅","25","0","0","0","","","","ユニフォーム白石優希ICONIC"
"195","1","ユニフォーム","花山一雅","チョキ","S","和久南","ICONIC","1","サーブ","フローター","銅","13","0","0","0","","","","ユニフォーム花山一雅ICONIC"
"196","1","ユニフォーム","鳴子哲平","チョキ","MB","和久南","ICONIC","1","サーブ","アンダーサーブ","銅","25","0","0","0","","","","ユニフォーム鳴子哲平ICONIC"
"198","1","ユニフォーム","松島剛","チョキ","MB","和久南","ICONIC","1","サーブ","オーバーサーブ","銅","24","0","0","0","","","","ユニフォーム松島剛ICONIC"
"201","1","ユニフォーム","牛島若利","グー","WS","白鳥沢","ICONIC","1","サーブ","トップスピン","銅","36","0","0","0","","","","ユニフォーム牛島若利ICONIC"
"207","1","ユニフォーム","天童覚","グー","MB","白鳥沢","ICONIC","1","サーブ","オーバーサーブ","銅","27","0","0","0","","","","ユニフォーム天童覚ICONIC"
"224","1","ユニフォーム","川西太一","グー","MB","白鳥沢","ICONIC","1","サーブ","オーバーサーブ","銅","26","0","0","0","","","","ユニフォーム川西太一ICONIC"
"232","1","ユニフォーム","芦谷洋平","チョキ","WS","生川","ICONIC","1","サーブ","オーバーサーブ","銅","28","0","0","0","","","","ユニフォーム芦谷洋平ICONIC"
"236","1","ユニフォーム","伊勢原裕次","グー","MB","生川","ICONIC","1","サーブ","アンダーサーブ","銅","25","0","0","0","","","","ユニフォーム伊勢原裕次ICONIC"
"237","1","ユニフォーム","湯河浩二","グー","WS","生川","ICONIC","1","サーブ","オーバーサーブ","銅","26","0","0","0","","","","ユニフォーム湯河浩二ICONIC"
"238","1","ユニフォーム","千鹿谷栄吉","チョキ","MB","森然","ICONIC","1","サーブ","スパイクサーブ","銅","33","0","0","0","","","","ユニフォーム千鹿谷栄吉ICONIC"
"239","1","ユニフォーム","小鹿野大樹","パー","WS","森然","ICONIC","1","サーブ","オーバーサーブ","銅","25","0","0","0","","","","ユニフォーム小鹿野大樹ICONIC"
"241","1","ユニフォーム","児玉勝","チョキ","WS","森然","ICONIC","1","サーブ","オーバーサーブ","銅","31","0","0","0","","","","ユニフォーム児玉勝ICONIC"
"243","1","ユニフォーム","島府典明","チョキ","WS","森然","ICONIC","1","サーブ","オーバーサーブ","銅","26","0","0","0","","","","ユニフォーム島府典明ICONIC"
"244","1","ユニフォーム","吉川和孝","チョキ","MB","森然","ICONIC","1","サーブ","オーバーサーブ","銅","25","0","0","0","","","","ユニフォーム吉川和孝ICONIC"
"250","1","ユニフォーム","宮治","パー","WS","稲荷崎","ICONIC","1","サーブ","スパイクサーブ","銅","33","0","0","0","","","","ユニフォーム宮治ICONIC"
"254","1","ユニフォーム","角名倫太郎","チョキ","MB","稲荷崎","ICONIC","1","サーブ","オーバーサーブ","銅","32","0","0","0","","","","ユニフォーム角名倫太郎ICONIC"
"258","1","ユニフォーム","北信介","チョキ","WS","稲荷崎","ICONIC","1","サーブ","オーバーサーブ","銅","28","0","0","0","","","","ユニフォーム北信介ICONIC"
"263","1","ユニフォーム","尾白アラン","チョキ","WS","稲荷崎","ICONIC","1","サーブ","スパイクサーブ","銅","33","0","0","0","","","","ユニフォーム尾白アランICONIC"
"267","1","ユニフォーム","大耳練","チョキ","MB","稲荷崎","ICONIC","1","サーブ","アンダーサーブ","銅","26","0","0","0","","","","ユニフォーム大耳練ICONIC"
"277","1","ユニフォーム","木葉秋紀","パー","WS","梟谷","ICONIC","1","サーブ","オーバーサーブ","銅","28","0","0","0","","","","ユニフォーム木葉秋紀ICONIC"
"281","1","ユニフォーム","猿杙大和","パー","WS","梟谷","ICONIC","1","サーブ","オーバーサーブ","銅","28","0","0","0","","","","ユニフォーム猿杙大和ICONIC"
"284","1","ユニフォーム","尾長渉","パー","MB","梟谷","ICONIC","1","サーブ","オーバーサーブ","銅","24","0","0","0","","","","ユニフォーム尾長渉ICONIC"
"294","1","ユニフォーム","当間義友","パー","MB","椿原","ICONIC","1","サーブ","オーバーサーブ","銅","26","0","0","0","","","","ユニフォーム当間義友ICONIC"
"295","1","ユニフォーム","越後栄","パー","S","椿原","ICONIC","1","サーブ","オーバーサーブ","銅","28","0","0","0","","","","ユニフォーム越後栄ICONIC"
"297","1","ユニフォーム","丸山一喜","グー","WS","椿原","ICONIC","1","サーブ","オーバーサーブ","銅","26","0","0","0","","","","ユニフォーム丸山一喜ICONIC"
"298","1","ユニフォーム","舞子侑志","パー","WS","椿原","ICONIC","1","サーブ","オーバーサーブ","銅","21","0","0","0","","","","ユニフォーム舞子侑志ICONIC"
"299","1","ユニフォーム","寺泊基希","パー","WS","椿原","ICONIC","1","サーブ","スパイクサーブ","銅","32","0","0","0","","","","ユニフォーム寺泊基希ICONIC"
"305","1","ユニフォーム","昼神幸郎","チョキ","MB","鴎台","ICONIC","1","サーブ","スパイクサーブ","銅","33","0","0","0","","","","ユニフォーム昼神幸郎ICONIC"
"308","1","ユニフォーム","佐久早聖臣","チョキ","WS","井闥山","ICONIC","1","サーブ","スパイクサーブ","銅","35","0","0","0","","","","ユニフォーム佐久早聖臣ICONIC"
"313","1","ユニフォーム","大将優","パー","WS","戸美","ICONIC","1","サーブ","スパイクサーブ","銅","35","0","0","0","","","","ユニフォーム大将優ICONIC"
"318","1","ユニフォーム","潜尚保","パー","WS","戸美","ICONIC","1","サーブ","アンダーサーブ","銅","27","0","0","0","","","","ユニフォーム潜尚保ICONIC"
"323","1","ユニフォーム","先島伊澄","パー","S","戸美","ICONIC","1","サーブ","オーバーサーブ","銅","28","0","0","0","","","","ユニフォーム先島伊澄ICONIC"
"324","1","ユニフォーム","背黒晃彦","パー","MB","戸美","ICONIC","1","サーブ","アンダーサーブ","銅","25","0","0","0","","","","ユニフォーム背黒晃彦ICONIC"
"8","1","ユニフォーム","影山飛雄","チョキ","S","烏野","ICONIC","1","サーブ","スパイクサーブ","銀","35","0","0","0","","","","ユニフォーム影山飛雄ICONIC"
"24","1","ユニフォーム","山口忠","パー","MB","烏野","ICONIC","1","サーブ","ジャンフロ","金","31","0","0","0","","","","ユニフォーム山口忠ICONIC"
"29","1","ユニフォーム","西谷夕","チョキ","Li","烏野","ICONIC","1","サーブ","","","0","0","0","0","","","","ユニフォーム西谷夕ICONIC"
"50","1","ユニフォーム","東峰旭","チョキ","WS","烏野","ICONIC","1","サーブ","スパイクサーブ","金","29","0","0","0","","","","ユニフォーム東峰旭ICONIC"
"53","1","ユニフォーム","東峰旭","チョキ","WS","烏野","YELL","1","サーブ","スパイクサーブ","金","32","0","0","0","","","","ユニフォーム東峰旭YELL"
"58","1","ユニフォーム","木下久志","パー","WS","烏野","ICONIC","1","サーブ","ジャンフロ","金","28","0","0","0","","","","ユニフォーム木下久志ICONIC"
"68","1","ユニフォーム","黒尾鉄朗","グー","MB","音駒","ICONIC","1","サーブ","スパイクサーブ","金","33","0","0","0","","","","ユニフォーム黒尾鉄朗ICONIC"
"79","1","ユニフォーム","夜久衛輔","パー","Li","音駒","ICONIC","1","サーブ","","","0","0","0","0","","","","ユニフォーム夜久衛輔ICONIC"
"89","1","ユニフォーム","芝山優生","パー","Li","音駒","ICONIC","1","サーブ","","","0","0","0","0","","","","ユニフォーム芝山優生ICONIC"
"93","1","ユニフォーム","手白球彦","パー","S","音駒","ICONIC","1","サーブ","アンダーサーブ","金","34","0","0","0","","","","ユニフォーム手白球彦ICONIC"
"111","1","ユニフォーム","女川太郎","グー","WS","伊達工","ICONIC","1","サーブ","アンダーサーブ","金","29","0","0","0","","","","ユニフォーム女川太郎ICONIC"
"112","1","ユニフォーム","作並浩輔","グー","Li","伊達工","ICONIC","1","サーブ","","","0","0","0","0","","","","ユニフォーム作並浩輔ICONIC"
"115","1","ユニフォーム","茂庭要","グー","S","伊達工","ICONIC","1","サーブ","オーバーサーブ","銀","31","0","0","0","","","","ユニフォーム茂庭要ICONIC"
"116","1","ユニフォーム","鎌先靖志","グー","MB","伊達工","ICONIC","1","サーブ","スパイクサーブ","銀","32","0","0","0","","","","ユニフォーム鎌先靖志ICONIC"
"119","1","ユニフォーム","及川徹","グー","S","青城","ICONIC","1","サーブ","スパイクサーブ","金","37","0","0","0","","","","ユニフォーム及川徹ICONIC"
"143","1","ユニフォーム","渡親治","グー","Li","青城","ICONIC","1","サーブ","","","0","0","0","0","","","","ユニフォーム渡親治ICONIC"
"151","1","ユニフォーム","矢巾秀","グー","S","青城","ICONIC","1","サーブ","スパイクサーブ","銀","33","0","0","0","","","","ユニフォーム矢巾秀ICONIC"
"156","1","ユニフォーム","桜井大河","パー","Li","常波","ICONIC","1","サーブ","","","0","0","0","0","","","","ユニフォーム桜井大河ICONIC"
"167","1","ユニフォーム","横手駿","チョキ","Li","扇南","ICONIC","1","サーブ","","","0","0","0","0","","","","ユニフォーム横手駿ICONIC"
"173","1","ユニフォーム","南田大志","グー","Li","角川","ICONIC","1","サーブ","","","0","0","0","0","","","","ユニフォーム南田大志ICONIC"
"179","1","ユニフォーム","照島游児","パー","WS","条善寺","ICONIC","1","サーブ","スパイクサーブ","金","41","0","0","0","","","","ユニフォーム照島游児ICONIC"
"191","1","ユニフォーム","土湯新","パー","Li","条善寺","ICONIC","1","サーブ","","","0","0","0","0","","","","ユニフォーム土湯新ICONIC"
"197","1","ユニフォーム","秋保和光","チョキ","Li","和久南","ICONIC","1","サーブ","","","0","0","0","0","","","","ユニフォーム秋保和光ICONIC"
"200","1","ユニフォーム","川渡瞬己","チョキ","WS","和久南","ICONIC","1","サーブ","スパイクサーブ","金","32","0","0","0","","","","ユニフォーム川渡瞬己ICONIC"
"213","1","ユニフォーム","五色工","チョキ","WS","白鳥沢","ICONIC","1","サーブ","スパイクサーブ","金","39","0","0","0","","","","ユニフォーム五色工ICONIC"
"218","1","ユニフォーム","白布賢二郎","グー","S","白鳥沢","ICONIC","1","サーブ","フローター","金","36","0","0","0","","","","ユニフォーム白布賢二郎ICONIC"
"223","1","ユニフォーム","大平獅音","グー","WS","白鳥沢","ICONIC","1","サーブ","スパイクサーブ","銀","34","0","0","0","","","","ユニフォーム大平獅音ICONIC"
"226","1","ユニフォーム","瀬見英太","グー","S","白鳥沢","ICONIC","1","サーブ","オーバーサーブ","銀","29","0","0","0","","","","ユニフォーム瀬見英太ICONIC"
"230","1","ユニフォーム","山形隼人","グー","Li","白鳥沢","ICONIC","1","サーブ","","","0","0","0","0","","","","ユニフォーム山形隼人ICONIC"
"231","1","ユニフォーム","強羅昌己","グー","WS","生川","ICONIC","1","サーブ","スパイクサーブ","金","40","0","0","0","","","","ユニフォーム強羅昌己ICONIC"
"233","1","ユニフォーム","仙石伸吾","グー","MB","生川","ICONIC","1","サーブ","スパイクサーブ","銀","32","0","0","0","","","","ユニフォーム仙石伸吾ICONIC"
"234","1","ユニフォーム","中川俊美","グー","Li","生川","ICONIC","1","サーブ","","","0","0","0","0","","","","ユニフォーム中川俊美ICONIC"
"235","1","ユニフォーム","七沢健吾","グー","S","生川","ICONIC","1","サーブ","オーバーサーブ","銀","33","0","0","0","","","","ユニフォーム七沢健吾ICONIC"
"240","1","ユニフォーム","赤谷勇","チョキ","Li","森然","ICONIC","1","サーブ","","","0","0","0","0","","","","ユニフォーム赤谷勇ICONIC"
"242","1","ユニフォーム","名栗翔太","チョキ","S","森然","ICONIC","1","サーブ","オーバーサーブ","銀","33","0","0","0","","","","ユニフォーム名栗翔太ICONIC"
"245","1","ユニフォーム","宮侑","チョキ","S","稲荷崎","ICONIC","1","サーブ","スパイクサーブ","金","42","0","0","0","","","","ユニフォーム宮侑ICONIC"
"265","1","ユニフォーム","赤木路成","チョキ","Li","稲荷崎","ICONIC","1","サーブ","","","0","0","0","0","","","","ユニフォーム赤木路成ICONIC"
"268","1","ユニフォーム","理石平介","チョキ","WS","稲荷崎","ICONIC","1","サーブ","スパイクサーブ","金","38","0","0","0","","","","ユニフォーム理石平介ICONIC"
"269","1","ユニフォーム","銀島結","チョキ","WS","稲荷崎","ICONIC","1","サーブ","スパイクサーブ","銀","35","0","0","0","","","","ユニフォーム銀島結ICONIC"
"271","1","ユニフォーム","木兎光太郎","パー","WS","梟谷","ICONIC","1","サーブ","スパイクサーブ","金","38","0","0","0","","","","ユニフォーム木兎光太郎ICONIC"
"282","1","ユニフォーム","小見春樹","パー","Li","梟谷","ICONIC","1","サーブ","","","0","0","0","0","","","","ユニフォーム小見春樹ICONIC"
"285","1","ユニフォーム","鷲尾辰生","パー","MB","梟谷","ICONIC","1","サーブ","スパイクサーブ","金","34","0","0","0","","","","ユニフォーム鷲尾辰生ICONIC"
"286","1","ユニフォーム","赤葦京治","グー","S","梟谷","ICONIC","1","サーブ","アンダーサーブ","金","35","0","0","0","","","","ユニフォーム赤葦京治ICONIC"
"292","1","ユニフォーム","姫川葵","パー","WS","椿原","ICONIC","1","サーブ","アンダーサーブ","金","34","0","0","0","","","","ユニフォーム姫川葵ICONIC"
"296","1","ユニフォーム","貝掛亮文","パー","Li","椿原","ICONIC","1","サーブ","","","0","0","0","0","","","","ユニフォーム貝掛亮文ICONIC"
"300","1","ユニフォーム","星海光来","チョキ","WS","鴎台","ICONIC","1","サーブ","スパイクサーブ","銀","35","0","0","0","","","","ユニフォーム星海光来ICONIC"
"311","1","ユニフォーム","小森元也","チョキ","Li","井闥山","ICONIC","1","サーブ","","","0","0","0","0","","","","ユニフォーム小森元也ICONIC"
"317","1","ユニフォーム","沼井和馬","パー","WS","戸美","ICONIC","1","サーブ","スパイクサーブ","金","36","0","0","0","","","","ユニフォーム沼井和馬ICONIC"
"320","1","ユニフォーム","高千穂恵也","パー","WS","戸美","ICONIC","1","サーブ","オーバーサーブ","金","39","0","0","0","","","","ユニフォーム高千穂恵也ICONIC"
"321","1","ユニフォーム","広尾倖児","パー","MB","戸美","ICONIC","1","サーブ","ジャンフロ","金","34","0","0","0","","","","ユニフォーム広尾倖児ICONIC"
"325","1","ユニフォーム","赤間颯","パー","Li","戸美","ICONIC","1","サーブ","","","0","0","0","0","","","","ユニフォーム赤間颯ICONIC"
"9","1","制服","影山飛雄","チョキ","S","烏野","ICONIC","1","サーブ","スパイクサーブ","銀","35","0","0","0","","","","制服影山飛雄ICONIC"
"10","1","夏祭り","影山飛雄","グー","S","烏野","ICONIC","1","サーブ","スパイクサーブ","金","38","0","0","0","","","","夏祭り影山飛雄ICONIC"
"11","1","Xmas","影山飛雄","パー","S","烏野","ICONIC","1","サーブ","スパイクサーブ","銀","35","0","0","0","","","","Xmas影山飛雄ICONIC"
"12","1","1周年","影山飛雄","チョキ","S","烏野","ICONIC","1","サーブ","スパイクサーブ","銀","35","0","0","0","","","","1周年影山飛雄ICONIC"
"13","1","王冠","影山飛雄","グー","S","烏野","ICONIC","1","サーブ","スパイクサーブ","金","38","0","0","0","","","","王冠影山飛雄ICONIC"
"14","1","ジャージ","影山飛雄","パー","S","烏野","ICONIC","1","サーブ","スパイクサーブ","銀","35","0","0","0","","","","ジャージ影山飛雄ICONIC"
"15","1","2周年","影山飛雄","チョキ","S","烏野","ICONIC","1","サーブ","スパイクサーブ","金","39","0","0","0","","","","2周年影山飛雄ICONIC"
"25","1","水着","山口忠","チョキ","MB","烏野","ICONIC","1","サーブ","ジャンフロ","金","31","0","0","0","","","","水着山口忠ICONIC"
"26","1","雪遊び","山口忠","グー","MB","烏野","ICONIC","1","サーブ","ジャンフロ","金","31","0","0","0","","","","雪遊び山口忠ICONIC"
"27","1","スパイ","山口忠","パー","MB","烏野","ICONIC","1","サーブ","ジャンフロ","金","32","0","0","0","","","","スパイ山口忠ICONIC"
"28","1","ジャージ","山口忠","チョキ","MB","烏野","ICONIC","1","サーブ","ジャンフロ","金","31","0","0","0","","","","ジャージ山口忠ICONIC"
"30","1","制服","西谷夕","グー","Li","烏野","ICONIC","1","サーブ","","","0","0","0","0","","","","制服西谷夕ICONIC"
"31","1","Xmas","西谷夕","グー","Li","烏野","ICONIC","1","サーブ","","","0","0","0","0","","","","Xmas西谷夕ICONIC"
"32","1","バーガー","西谷夕","パー","Li","烏野","ICONIC","1","サーブ","","","0","0","0","0","","","","バーガー西谷夕ICONIC"
"33","1","文化祭2","西谷夕","チョキ","Li","烏野","ICONIC","1","サーブ","","","0","0","0","0","","","","文化祭2西谷夕ICONIC"
"34","1","2周年","西谷夕","グー","Li","烏野","ICONIC","1","サーブ","","","0","0","0","0","","","","2周年西谷夕ICONIC"
"43","1","RPG","澤村大地","チョキ","WS","烏野","ICONIC","1","サーブ","オーバーサーブ","金","30","0","0","0","","","","RPG澤村大地ICONIC"
"46","1","プール掃除","菅原考支","チョキ","S","烏野","ICONIC","1","サーブ","オーバーサーブ","銀","27","0","0","0","","","","プール掃除菅原考支ICONIC"
"47","1","文化祭","菅原考支","グー","S","烏野","ICONIC","1","サーブ","オーバーサーブ","金","30","0","0","0","","","","文化祭菅原考支ICONIC"
"51","1","プール掃除","東峰旭","グー","WS","烏野","ICONIC","1","サーブ","スパイクサーブ","金","29","0","0","0","","","","プール掃除東峰旭ICONIC"
"52","1","サバゲ","東峰旭","パー","WS","烏野","ICONIC","1","サーブ","スパイクサーブ","銀","26","0","0","0","","","","サバゲ東峰旭ICONIC"
"56","1","RPG","縁下力","グー","WS","烏野","ICONIC","1","サーブ","オーバーサーブ","銀","25","0","0","0","","","","RPG縁下力ICONIC"
"59","1","妖","木下久志","チョキ","WS","烏野","ICONIC","1","サーブ","ジャンフロ","金","28","0","0","0","","","","妖木下久志ICONIC"
"63","1","夏祭り","孤爪研磨","チョキ","S","音駒","ICONIC","1","サーブ","アンダーサーブ","金","29","0","0","0","","","","夏祭り孤爪研磨ICONIC"
"65","1","スパイ","孤爪研磨","パー","S","音駒","ICONIC","1","サーブ","アンダーサーブ","金","30","0","0","0","","","","スパイ孤爪研磨ICONIC"
"69","1","制服","黒尾鉄朗","グー","MB","音駒","ICONIC","1","サーブ","スパイクサーブ","金","33","0","0","0","","","","制服黒尾鉄朗ICONIC"
"70","1","夏祭り","黒尾鉄朗","パー","MB","音駒","ICONIC","1","サーブ","スパイクサーブ","金","33","0","0","0","","","","夏祭り黒尾鉄朗ICONIC"
"72","1","キャンプ","黒尾鉄朗","グー","MB","音駒","ICONIC","1","サーブ","スパイクサーブ","金","33","0","0","0","","","","キャンプ黒尾鉄朗ICONIC"
"73","1","文化祭2","黒尾鉄朗","パー","MB","音駒","ICONIC","1","サーブ","スパイクサーブ","銀","30","0","0","0","","","","文化祭2黒尾鉄朗ICONIC"
"80","1","1周年","夜久衛輔","チョキ","Li","音駒","ICONIC","1","サーブ","","","0","0","0","0","","","","1周年夜久衛輔ICONIC"
"81","1","花火","夜久衛輔","グー","Li","音駒","ICONIC","1","サーブ","","","0","0","0","0","","","","花火夜久衛輔ICONIC"
"82","1","2周年","夜久衛輔","パー","Li","音駒","ICONIC","1","サーブ","","","0","0","0","0","","","","2周年夜久衛輔ICONIC"
"103","1","甲冑","二口堅治","チョキ","WS","伊達工","ICONIC","1","サーブ","スパイクサーブ","金","41","0","0","0","","","","甲冑二口堅治ICONIC"
"113","1","職業体験2","作並浩輔","パー","Li","伊達工","ICONIC","1","サーブ","","","0","0","0","0","","","","職業体験2作並浩輔ICONIC"
"117","1","甲冑","鎌先靖志","パー","MB","伊達工","ICONIC","1","サーブ","スパイクサーブ","金","35","0","0","0","","","","甲冑鎌先靖志ICONIC"
"120","1","プール掃除","及川徹","パー","S","青城","ICONIC","1","サーブ","スパイクサーブ","金","37","0","0","0","","","","プール掃除及川徹ICONIC"
"121","1","Xmas","及川徹","チョキ","S","青城","ICONIC","1","サーブ","スパイクサーブ","金","37","0","0","0","","","","Xmas及川徹ICONIC"
"122","1","制服","及川徹","グー","S","青城","ICONIC","1","サーブ","スパイクサーブ","金","37","0","0","0","","","","制服及川徹ICONIC"
"123","1","路地裏","及川徹","パー","S","青城","ICONIC","1","サーブ","スパイクサーブ","金","37","0","0","0","","","","路地裏及川徹ICONIC"
"124","1","バカンス","及川徹","チョキ","S","青城","ICONIC","1","サーブ","スパイクサーブ","銀","35","0","0","0","","","","バカンス及川徹ICONIC"
"128","1","制服","岩泉一","パー","WS","青城","ICONIC","1","サーブ","スパイクサーブ","銀","35","0","0","0","","","","制服岩泉一ICONIC"
"134","1","カンフー","金田一勇太郎","チョキ","MB","青城","ICONIC","1","サーブ","オーバーサーブ","金","33","0","0","0","","","","カンフー金田一勇太郎ICONIC"
"137","1","梅雨","京谷賢太郎","グー","WS","青城","ICONIC","1","サーブ","スパイクサーブ","銀","39","0","0","0","","","","梅雨京谷賢太郎ICONIC"
"146","1","バカンス","松川一静","チョキ","MB","青城","ICONIC","1","サーブ","オーバーサーブ","金","32","0","0","0","","","","バカンス松川一静ICONIC"
"150","1","妖","花巻貴大","グー","WS","青城","ICONIC","1","サーブ","スパイクサーブ","金","32","0","0","0","","","","妖花巻貴大ICONIC"
"152","1","キャンプ","矢巾秀","パー","S","青城","ICONIC","1","サーブ","スパイクサーブ","金","36","0","0","0","","","","キャンプ矢巾秀ICONIC"
"161","1","遊園地","池尻隼人","グー","WS","常波","ICONIC","1","サーブ","アンダーサーブ","金","33","0","0","0","","","","遊園地池尻隼人ICONIC"
"171","1","雪遊び","古牧譲","パー","S","角川","ICONIC","1","サーブ","オーバーサーブ","銀","31","0","0","0","","","","雪遊び古牧譲ICONIC"
"180","1","制服","照島游児","チョキ","WS","条善寺","ICONIC","1","サーブ","スパイクサーブ","金","41","0","0","0","","","","制服照島游児ICONIC"
"181","1","雪遊び","照島游児","グー","WS","条善寺","ICONIC","1","サーブ","スパイクサーブ","金","41","0","0","0","","","","雪遊び照島游児ICONIC"
"182","1","スパイ","照島游児","パー","WS","条善寺","ICONIC","1","サーブ","スパイクサーブ","金","42","0","0","0","","","","スパイ照島游児ICONIC"
"187","1","制服","二岐丈晴","パー","S","条善寺","ICONIC","1","サーブ","オーバーサーブ","銀","31","0","0","0","","","","制服二岐丈晴ICONIC"
"193","1","スパイ","中島猛","グー","WS","和久南","ICONIC","1","サーブ","スパイクサーブ","金","41","0","0","0","","","","スパイ中島猛ICONIC"
"202","1","水着","牛島若利","パー","WS","白鳥沢","ICONIC","1","サーブ","トップスピン","金","41","0","0","0","","","","水着牛島若利ICONIC"
"204","1","制服","牛島若利","グー","WS","白鳥沢","ICONIC","1","サーブ","トップスピン","金","42","0","0","0","","","","制服牛島若利ICONIC"
"206","1","妖","牛島若利","チョキ","WS","白鳥沢","ICONIC","1","サーブ","トップスピン","金","43","0","0","0","","","","妖牛島若利ICONIC"
"214","1","職業体験","五色工","グー","WS","白鳥沢","ICONIC","1","サーブ","スパイクサーブ","金","39","0","0","0","","","","職業体験五色工ICONIC"
"215","1","制服","五色工","パー","WS","白鳥沢","ICONIC","1","サーブ","スパイクサーブ","金","40","0","0","0","","","","制服五色工ICONIC"
"219","1","探偵","白布賢二郎","パー","S","白鳥沢","ICONIC","1","サーブ","フローター","金","36","0","0","0","","","","探偵白布賢二郎ICONIC"
"220","1","制服","白布賢二郎","チョキ","S","白鳥沢","ICONIC","1","サーブ","フローター","金","37","0","0","0","","","","制服白布賢二郎ICONIC"
"221","1","バカンス","白布賢二郎","グー","S","白鳥沢","ICONIC","1","サーブ","フローター","銀","33","0","0","0","","","","バカンス白布賢二郎ICONIC"
"222","1","路地裏2","白布賢二郎","パー","S","白鳥沢","ICONIC","1","サーブ","フローター","金","36","0","0","0","","","","路地裏2白布賢二郎ICONIC"
"227","1","雪遊び","瀬見英太","パー","S","白鳥沢","ICONIC","1","サーブ","スパイクサーブ","金","32","0","0","0","","","","雪遊び瀬見英太ICONIC"
"228","1","バカンス","瀬見英太","チョキ","S","白鳥沢","ICONIC","1","サーブ","スパイクサーブ","金","34","0","0","0","","","","バカンス瀬見英太ICONIC"
"229","1","アート2","瀬見英太","グー","S","白鳥沢","ICONIC","1","サーブ","スパイクサーブ","銀","29","0","0","0","","","","アート2瀬見英太ICONIC"
"246","1","文化祭","宮侑","グー","S","稲荷崎","ICONIC","1","サーブ","スパイクサーブ","金","42","0","0","0","","","","文化祭宮侑ICONIC"
"247","1","RPG","宮侑","パー","S","稲荷崎","ICONIC","1","サーブ","スパイクサーブ","銀","39","0","0","0","","","","RPG宮侑ICONIC"
"249","1","新年2","宮侑","グー","S","稲荷崎","ICONIC","1","サーブ","スパイクサーブ","銀","39","0","0","0","","","","新年2宮侑ICONIC"
"251","1","RPG","宮治","パー","WS","稲荷崎","ICONIC","1","サーブ","スパイクサーブ","銀","35","0","0","0","","","","RPG宮治ICONIC"
"255","1","サバゲ","角名倫太郎","グー","MB","稲荷崎","ICONIC","1","サーブ","オーバーサーブ","銀","35","0","0","0","","","","サバゲ角名倫太郎ICONIC"
"257","1","路地裏2","角名倫太郎","チョキ","MB","稲荷崎","ICONIC","1","サーブ","オーバーサーブ","金","39","0","0","0","","","","路地裏2角名倫太郎ICONIC"
"259","1","Xmas","北信介","グー","WS","稲荷崎","ICONIC","1","サーブ","オーバーサーブ","銀","31","0","0","0","","","","Xmas北信介ICONIC"
"260","1","スパイ","北信介","パー","WS","稲荷崎","ICONIC","1","サーブ","スパイクサーブ","金","34","0","0","0","","","","スパイ北信介ICONIC"
"266","1","Xmas2","赤木路成","グー","Li","稲荷崎","ICONIC","1","サーブ","","","0","0","0","0","","","","Xmas2赤木路成ICONIC"
"270","1","Xmas2","銀島結","グー","WS","稲荷崎","ICONIC","1","サーブ","スパイクサーブ","銀","35","0","0","0","","","","Xmas2銀島結ICONIC"
"272","1","夏祭り","木兎光太郎","チョキ","WS","梟谷","ICONIC","1","サーブ","スパイクサーブ","金","38","0","0","0","","","","夏祭り木兎光太郎ICONIC"
"273","1","Xmas","木兎光太郎","グー","WS","梟谷","ICONIC","1","サーブ","スパイクサーブ","金","38","0","0","0","","","","Xmas木兎光太郎ICONIC"
"274","1","制服","木兎光太郎","パー","WS","梟谷","ICONIC","1","サーブ","スパイクサーブ","金","38","0","0","0","","","","制服木兎光太郎ICONIC"
"275","1","キャンプ","木兎光太郎","チョキ","WS","梟谷","ICONIC","1","サーブ","スパイクサーブ","金","38","0","0","0","","","","キャンプ木兎光太郎ICONIC"
"283","1","路地裏2","小見春樹","チョキ","Li","梟谷","ICONIC","1","サーブ","","","0","0","0","0","","","","路地裏2小見春樹ICONIC"
"287","1","夏祭り","赤葦京治","パー","S","梟谷","ICONIC","1","サーブ","アンダーサーブ","金","35","0","0","0","","","","夏祭り赤葦京治ICONIC"
"288","1","制服","赤葦京治","チョキ","S","梟谷","ICONIC","1","サーブ","アンダーサーブ","金","35","0","0","0","","","","制服赤葦京治ICONIC"
"289","1","バーガー","赤葦京治","グー","S","梟谷","ICONIC","1","サーブ","アンダーサーブ","金","35","0","0","0","","","","バーガー赤葦京治ICONIC"
"290","1","仮装","赤葦京治","パー","S","梟谷","ICONIC","1","サーブ","アンダーサーブ","金","37","0","0","0","","","","仮装赤葦京治ICONIC"
"291","1","妖","赤葦京治","チョキ","S","梟谷","ICONIC","1","サーブ","スパイクサーブ","金","38","0","0","0","","","","妖赤葦京治ICONIC"
"293","1","花火","姫川葵","チョキ","WS","椿原","ICONIC","1","サーブ","アンダーサーブ","金","34","0","0","0","","","","花火姫川葵ICONIC"
"301","1","文化祭","星海光来","グー","WS","鴎台","ICONIC","1","サーブ","スパイクサーブ","金","38","0","0","0","","","","文化祭星海光来ICONIC"
"303","1","花火","星海光来","チョキ","WS","鴎台","ICONIC","1","サーブ","スパイクサーブ","銀","35","0","0","0","","","","花火星海光来ICONIC"
"306","1","Xmas","昼神幸郎","グー","MB","鴎台","ICONIC","1","サーブ","スパイクサーブ","銀","36","0","0","0","","","","Xmas昼神幸郎ICONIC"
"312","1","キャンプ","小森元也","グー","Li","井闥山","ICONIC","1","サーブ","","","0","0","0","0","","","","キャンプ小森元也ICONIC"
"315","1","カンフー","大将優","グー","WS","戸美","ICONIC","1","サーブ","スパイクサーブ","金","41","0","0","0","","","","カンフー大将優ICONIC"
"322","1","カンフー","広尾倖児","チョキ","MB","戸美","ICONIC","1","サーブ","ジャンフロ","金","34","0","0","0","","","","カンフー広尾倖児ICONIC"
"2","1","制服","日向翔陽","チョキ","MB","烏野","ICONIC","1","サーブ","オーバーサーブ","銅","21","0","0","0","","","","制服日向翔陽ICONIC"
"3","1","夏祭り","日向翔陽","グー","MB","烏野","ICONIC","1","サーブ","オーバーサーブ","銅","21","0","0","0","","","","夏祭り日向翔陽ICONIC"
"4","1","1周年","日向翔陽","パー","MB","烏野","ICONIC","1","サーブ","オーバーサーブ","銅","21","0","0","0","","","","1周年日向翔陽ICONIC"
"5","1","王冠","日向翔陽","チョキ","MB","烏野","ICONIC","1","サーブ","オーバーサーブ","銅","21","0","0","0","","","","王冠日向翔陽ICONIC"
"6","1","ジャージ","日向翔陽","グー","MB","烏野","ICONIC","1","サーブ","オーバーサーブ","銅","21","0","0","0","","","","ジャージ日向翔陽ICONIC"
"7","1","遊園地","日向翔陽","パー","MB","烏野","ICONIC","1","サーブ","オーバーサーブ","銅","21","0","0","0","","","","遊園地日向翔陽ICONIC"
"16","1","中学生","影山飛雄","グー","S","烏野","ICONIC","1","サーブ","スパイクサーブ","銅","32","0","0","0","","","","中学生影山飛雄ICONIC"
"18","1","水着","月島蛍","グー","MB","烏野","ICONIC","1","サーブ","アンダーサーブ","銅","21","0","0","0","","","","水着月島蛍ICONIC"
"19","1","職業体験","月島蛍","パー","MB","烏野","ICONIC","1","サーブ","アンダーサーブ","銅","21","0","0","0","","","","職業体験月島蛍ICONIC"
"20","1","1周年","月島蛍","パー","MB","烏野","ICONIC","1","サーブ","アンダーサーブ","銅","21","0","0","0","","","","1周年月島蛍ICONIC"
"21","1","花火","月島蛍","グー","MB","烏野","ICONIC","1","サーブ","アンダーサーブ","銅","21","0","0","0","","","","花火月島蛍ICONIC"
"22","1","ジャージ","月島蛍","パー","MB","烏野","ICONIC","1","サーブ","アンダーサーブ","銅","21","0","0","0","","","","ジャージ月島蛍ICONIC"
"23","1","2周年","月島蛍","チョキ","MB","烏野","ICONIC","1","サーブ","アンダーサーブ","銅","21","0","0","0","","","","2周年月島蛍ICONIC"
"36","1","制服","田中龍之介","チョキ","WS","烏野","ICONIC","1","サーブ","オーバーサーブ","銅","22","0","0","0","","","","制服田中龍之介ICONIC"
"37","1","新年","田中龍之介","グー","WS","烏野","ICONIC","1","サーブ","オーバーサーブ","銅","22","0","0","0","","","","新年田中龍之介ICONIC"
"38","1","RPG","田中龍之介","パー","WS","烏野","ICONIC","1","サーブ","オーバーサーブ","銅","22","0","0","0","","","","RPG田中龍之介ICONIC"
"39","1","仮装","田中龍之介","パー","WS","烏野","ICONIC","1","サーブ","オーバーサーブ","銅","22","0","0","0","","","","仮装田中龍之介ICONIC"
"41","1","プール掃除","澤村大地","グー","WS","烏野","ICONIC","1","サーブ","オーバーサーブ","銅","24","0","0","0","","","","プール掃除澤村大地ICONIC"
"42","1","文化祭","澤村大地","パー","WS","烏野","ICONIC","1","サーブ","オーバーサーブ","銅","24","0","0","0","","","","文化祭澤村大地ICONIC"
"44","1","新年2","澤村大地","グー","WS","烏野","ICONIC","1","サーブ","オーバーサーブ","銅","24","0","0","0","","","","新年2澤村大地ICONIC"
"48","1","梅雨","菅原考支","パー","S","烏野","ICONIC","1","サーブ","オーバーサーブ","銅","24","0","0","0","","","","梅雨菅原考支ICONIC"
"49","1","Xmas2","菅原考支","チョキ","S","烏野","ICONIC","1","サーブ","オーバーサーブ","銅","24","0","0","0","","","","Xmas2菅原考支ICONIC"
"55","1","探偵","縁下力","チョキ","WS","烏野","ICONIC","1","サーブ","オーバーサーブ","銅","22","0","0","0","","","","探偵縁下力ICONIC"
"57","1","花火","縁下力","パー","WS","烏野","ICONIC","1","サーブ","オーバーサーブ","銅","22","0","0","0","","","","花火縁下力ICONIC"
"62","1","制服","孤爪研磨","パー","S","音駒","ICONIC","1","サーブ","アンダーサーブ","銅","24","0","0","0","","","","制服孤爪研磨ICONIC"
"64","1","1周年","孤爪研磨","グー","S","音駒","ICONIC","1","サーブ","アンダーサーブ","銅","24","0","0","0","","","","1周年孤爪研磨ICONIC"
"66","1","Xmas2","孤爪研磨","チョキ","S","音駒","ICONIC","1","サーブ","アンダーサーブ","銅","24","0","0","0","","","","Xmas2孤爪研磨ICONIC"
"67","1","中学生","孤爪研磨","グー","S","音駒","ICONIC","1","サーブ","アンダーサーブ","銅","24","0","0","0","","","","中学生孤爪研磨ICONIC"
"71","1","1周年","黒尾鉄朗","チョキ","MB","音駒","ICONIC","1","サーブ","スパイクサーブ","銅","27","0","0","0","","","","1周年黒尾鉄朗ICONIC"
"74","1","中学生","黒尾鉄朗","チョキ","MB","音駒","ICONIC","1","サーブ","スパイクサーブ","銅","27","0","0","0","","","","中学生黒尾鉄朗ICONIC"
"76","1","探偵","灰羽リエーフ","パー","MB","音駒","ICONIC","1","サーブ","オーバーサーブ","銅","25","0","0","0","","","","探偵灰羽リエーフICONIC"
"77","1","路地裏","灰羽リエーフ","チョキ","MB","音駒","ICONIC","1","サーブ","オーバーサーブ","銅","25","0","0","0","","","","路地裏灰羽リエーフICONIC"
"78","1","文化祭2","灰羽リエーフ","グー","MB","音駒","ICONIC","1","サーブ","オーバーサーブ","銅","25","0","0","0","","","","文化祭2灰羽リエーフICONIC"
"84","1","バーガー","福永招平","チョキ","WS","音駒","ICONIC","1","サーブ","アンダーサーブ","銅","27","0","0","0","","","","バーガー福永招平ICONIC"
"86","1","新年","犬岡走","チョキ","MB","音駒","ICONIC","1","サーブ","アンダーサーブ","銅","24","0","0","0","","","","新年犬岡走ICONIC"
"88","1","新年","山本猛虎","チョキ","WS","音駒","ICONIC","1","サーブ","スパイクサーブ","銅","34","0","0","0","","","","新年山本猛虎ICONIC"
"91","1","遊園地","海信之","チョキ","WS","音駒","ICONIC","1","サーブ","アンダーサーブ","銅","26","0","0","0","","","","遊園地海信之ICONIC"
"95","1","制服","青根高伸","グー","MB","伊達工","ICONIC","1","サーブ","アンダーサーブ","銅","24","0","0","0","","","","制服青根高伸ICONIC"
"96","1","プール掃除","青根高伸","パー","MB","伊達工","ICONIC","1","サーブ","アンダーサーブ","銅","24","0","0","0","","","","プール掃除青根高伸ICONIC"
"97","1","キャンプ","青根高伸","チョキ","MB","伊達工","ICONIC","1","サーブ","アンダーサーブ","銅","24","0","0","0","","","","キャンプ青根高伸ICONIC"
"98","1","甲冑","青根高伸","パー","MB","伊達工","ICONIC","1","サーブ","アンダーサーブ","銅","24","0","0","0","","","","甲冑青根高伸ICONIC"
"100","1","制服","二口堅治","チョキ","WS","伊達工","ICONIC","1","サーブ","スパイクサーブ","銅","34","0","0","0","","","","制服二口堅治ICONIC"
"101","1","プール掃除","二口堅治","グー","WS","伊達工","ICONIC","1","サーブ","スパイクサーブ","銅","34","0","0","0","","","","プール掃除二口堅治ICONIC"
"102","1","路地裏","二口堅治","パー","WS","伊達工","ICONIC","1","サーブ","スパイクサーブ","銅","34","0","0","0","","","","路地裏二口堅治ICONIC"
"104","1","2周年","二口堅治","グー","WS","伊達工","ICONIC","1","サーブ","スパイクサーブ","銅","34","0","0","0","","","","2周年二口堅治ICONIC"
"105","1","アート2","二口堅治","パー","WS","伊達工","ICONIC","1","サーブ","スパイクサーブ","銅","34","0","0","0","","","","アート2二口堅治ICONIC"
"107","1","制服","黄金川貫至","グー","S","伊達工","ICONIC","1","サーブ","オーバーサーブ","銅","25","0","0","0","","","","制服黄金川貫至ICONIC"
"108","1","職業体験","黄金川貫至","パー","S","伊達工","ICONIC","1","サーブ","オーバーサーブ","銅","25","0","0","0","","","","職業体験黄金川貫至ICONIC"
"109","1","スパイ","黄金川貫至","チョキ","S","伊達工","ICONIC","1","サーブ","オーバーサーブ","銅","25","0","0","0","","","","スパイ黄金川貫至ICONIC"
"125","1","2周年","及川徹","グー","S","青城","ICONIC","1","サーブ","スパイクサーブ","銅","31","0","0","0","","","","2周年及川徹ICONIC"
"127","1","プール掃除","岩泉一","グー","WS","青城","ICONIC","1","サーブ","スパイクサーブ","銅","32","0","0","0","","","","プール掃除岩泉一ICONIC"
"129","1","サバゲ","岩泉一","チョキ","WS","青城","ICONIC","1","サーブ","スパイクサーブ","銅","32","0","0","0","","","","サバゲ岩泉一ICONIC"
"130","1","バカンス","岩泉一","グー","WS","青城","ICONIC","1","サーブ","スパイクサーブ","銅","32","0","0","0","","","","バカンス岩泉一ICONIC"
"131","1","路地裏2","岩泉一","パー","WS","青城","ICONIC","1","サーブ","スパイクサーブ","銅","32","0","0","0","","","","路地裏2岩泉一ICONIC"
"133","1","雪遊び","金田一勇太郎","チョキ","MB","青城","ICONIC","1","サーブ","オーバーサーブ","銅","26","0","0","0","","","","雪遊び金田一勇太郎ICONIC"
"135","1","中学生","金田一勇太郎","パー","MB","青城","ICONIC","1","サーブ","オーバーサーブ","銅","26","0","0","0","","","","中学生金田一勇太郎ICONIC"
"139","1","職業体験","国見英","パー","WS","青城","ICONIC","1","サーブ","アンダーサーブ","銅","26","0","0","0","","","","職業体験国見英ICONIC"
"140","1","路地裏","国見英","チョキ","WS","青城","ICONIC","1","サーブ","アンダーサーブ","銅","26","0","0","0","","","","路地裏国見英ICONIC"
"141","1","カンフー","国見英","グー","WS","青城","ICONIC","1","サーブ","アンダーサーブ","銅","26","0","0","0","","","","カンフー国見英ICONIC"
"142","1","中学生","国見英","パー","WS","青城","ICONIC","1","サーブ","アンダーサーブ","銅","26","0","0","0","","","","中学生国見英ICONIC"
"145","1","アート","松川一静","パー","MB","青城","ICONIC","1","サーブ","オーバーサーブ","銅","26","0","0","0","","","","アート松川一静ICONIC"
"148","1","アート","花巻貴大","パー","WS","青城","ICONIC","1","サーブ","アンダーサーブ","銅","26","0","0","0","","","","アート花巻貴大ICONIC"
"149","1","バーガー","花巻貴大","チョキ","WS","青城","ICONIC","1","サーブ","アンダーサーブ","銅","26","0","0","0","","","","バーガー花巻貴大ICONIC"
"160","1","文化祭2","池尻隼人","チョキ","WS","常波","ICONIC","1","サーブ","アンダーサーブ","銅","26","0","0","0","","","","文化祭2池尻隼人ICONIC"
"178","1","職業体験","百沢雄大","パー","WS","角川","ICONIC","1","サーブ","オーバーサーブ","銅","25","0","0","0","","","","職業体験百沢雄大ICONIC"
"183","1","妖","照島游児","チョキ","WS","条善寺","ICONIC","1","サーブ","スパイクサーブ","銅","35","0","0","0","","","","妖照島游児ICONIC"
"185","1","アート2","母畑和馬","チョキ","MB","条善寺","ICONIC","1","サーブ","アンダーサーブ","銅","26","0","0","0","","","","アート2母畑和馬ICONIC"
"199","1","妖","松島剛","グー","MB","和久南","ICONIC","1","サーブ","オーバーサーブ","銅","24","0","0","0","","","","妖松島剛ICONIC"
"203","1","新年","牛島若利","チョキ","WS","白鳥沢","ICONIC","1","サーブ","トップスピン","銅","36","0","0","0","","","","新年牛島若利ICONIC"
"205","1","文化祭2","牛島若利","パー","WS","白鳥沢","ICONIC","1","サーブ","トップスピン","銅","36","0","0","0","","","","文化祭2牛島若利ICONIC"
"208","1","水着","天童覚","パー","MB","白鳥沢","ICONIC","1","サーブ","オーバーサーブ","銅","27","0","0","0","","","","水着天童覚ICONIC"
"209","1","文化祭","天童覚","チョキ","MB","白鳥沢","ICONIC","1","サーブ","オーバーサーブ","銅","27","0","0","0","","","","文化祭天童覚ICONIC"
"210","1","制服","天童覚","グー","MB","白鳥沢","ICONIC","1","サーブ","オーバーサーブ","銅","27","0","0","0","","","","制服天童覚ICONIC"
"211","1","仮装","天童覚","パー","MB","白鳥沢","ICONIC","1","サーブ","オーバーサーブ","銅","27","0","0","0","","","","仮装天童覚ICONIC"
"212","1","遊園地","天童覚","チョキ","MB","白鳥沢","ICONIC","1","サーブ","オーバーサーブ","銅","27","0","0","0","","","","遊園地天童覚ICONIC"
"216","1","バカンス","五色工","チョキ","WS","白鳥沢","ICONIC","1","サーブ","スパイクサーブ","銅","33","0","0","0","","","","バカンス五色工ICONIC"
"217","1","Xmas2","五色工","グー","WS","白鳥沢","ICONIC","1","サーブ","スパイクサーブ","銅","33","0","0","0","","","","Xmas2五色工ICONIC"
"225","1","路地裏","川西太一","パー","MB","白鳥沢","ICONIC","1","サーブ","オーバーサーブ","銅","26","0","0","0","","","","路地裏川西太一ICONIC"
"252","1","カンフー","宮治","グー","WS","稲荷崎","ICONIC","1","サーブ","スパイクサーブ","銅","33","0","0","0","","","","カンフー宮治ICONIC"
"253","1","遊園地","宮治","パー","WS","稲荷崎","ICONIC","1","サーブ","スパイクサーブ","銅","33","0","0","0","","","","遊園地宮治ICONIC"
"256","1","花火","角名倫太郎","パー","MB","稲荷崎","ICONIC","1","サーブ","オーバーサーブ","銅","32","0","0","0","","","","花火角名倫太郎ICONIC"
"261","1","新年2","北信介","チョキ","WS","稲荷崎","ICONIC","1","サーブ","オーバーサーブ","銅","28","0","0","0","","","","新年2北信介ICONIC"
"262","1","職業体験2","北信介","グー","WS","稲荷崎","ICONIC","1","サーブ","オーバーサーブ","銅","28","0","0","0","","","","職業体験2北信介ICONIC"
"264","1","雪遊び","尾白アラン","チョキ","WS","稲荷崎","ICONIC","1","サーブ","スパイクサーブ","銅","33","0","0","0","","","","雪遊び尾白アランICONIC"
"276","1","2周年","木兎光太郎","グー","WS","梟谷","ICONIC","1","サーブ","スパイクサーブ","銅","32","0","0","0","","","","2周年木兎光太郎ICONIC"
"278","1","探偵","木葉秋紀","チョキ","WS","梟谷","ICONIC","1","サーブ","オーバーサーブ","銅","28","0","0","0","","","","探偵木葉秋紀ICONIC"
"279","1","梅雨","木葉秋紀","グー","WS","梟谷","ICONIC","1","サーブ","オーバーサーブ","銅","28","0","0","0","","","","梅雨木葉秋紀ICONIC"
"280","1","路地裏2","木葉秋紀","パー","WS","梟谷","ICONIC","1","サーブ","オーバーサーブ","銅","28","0","0","0","","","","路地裏2木葉秋紀ICONIC"
"302","1","サバゲ","星海光来","パー","WS","鴎台","ICONIC","1","サーブ","スパイクサーブ","銅","32","0","0","0","","","","サバゲ星海光来ICONIC"
"304","1","新年2","星海光来","グー","WS","鴎台","ICONIC","1","サーブ","スパイクサーブ","銅","32","0","0","0","","","","新年2星海光来ICONIC"
"307","1","職業体験2","昼神幸郎","パー","MB","鴎台","ICONIC","1","サーブ","スパイクサーブ","銅","33","0","0","0","","","","職業体験2昼神幸郎ICONIC"
"309","1","サバゲ","佐久早聖臣","グー","WS","井闥山","ICONIC","1","サーブ","スパイクサーブ","銅","35","0","0","0","","","","サバゲ佐久早聖臣ICONIC"
"310","1","新年2","佐久早聖臣","パー","WS","井闥山","ICONIC","1","サーブ","スパイクサーブ","銅","35","0","0","0","","","","新年2佐久早聖臣ICONIC"
"314","1","新年","大将優","チョキ","WS","戸美","ICONIC","1","サーブ","スパイクサーブ","銅","35","0","0","0","","","","新年大将優ICONIC"
"316","1","妖","大将優","パー","WS","戸美","ICONIC","1","サーブ","スパイクサーブ","銅","35","0","0","0","","","","妖大将優ICONIC"
"319","1","バーガー","潜尚保","チョキ","WS","戸美","ICONIC","1","サーブ","アンダーサーブ","銅","27","0","0","0","","","","バーガー潜尚保ICONIC"
"10","2","夏祭り","影山飛雄","グー","S","烏野","ICONIC","1","サーブ","スパイクサーブ","桃","54","5","61","7","","","","夏祭り影山飛雄ICONIC"
"13","2","王冠","影山飛雄","グー","S","烏野","ICONIC","1","サーブ","スパイクサーブ","桃","54","5","61","7","","","","王冠影山飛雄ICONIC"
"15","2","2周年","影山飛雄","チョキ","S","烏野","ICONIC","1","サーブ","スパイクサーブ","桃","54","5","64","7","","","","2周年影山飛雄ICONIC"
"24","2","ユニフォーム","山口忠","パー","MB","烏野","ICONIC","1","サーブ","ジャンフロ","桃","35","0","45","0","","","","ユニフォーム山口忠ICONIC"
"25","2","水着","山口忠","チョキ","MB","烏野","ICONIC","1","サーブ","ジャンフロ","桃","35","0","45","0","","","","水着山口忠ICONIC"
"26","2","雪遊び","山口忠","グー","MB","烏野","ICONIC","1","サーブ","ジャンフロ","桃","35","0","45","0","","","","雪遊び山口忠ICONIC"
"27","2","スパイ","山口忠","パー","MB","烏野","ICONIC","1","サーブ","ジャンフロ","桃","35","0","45","0","","","","スパイ山口忠ICONIC"
"43","2","RPG","澤村大地","チョキ","WS","烏野","ICONIC","1","サーブ","オーバーサーブ","桃","43","0","53","0","","","","RPG澤村大地ICONIC"
"47","2","文化祭","菅原考支","グー","S","烏野","ICONIC","1","サーブ","オーバーサーブ","桃","38","0","48","0","","","","文化祭菅原考支ICONIC"
"51","2","プール掃除","東峰旭","グー","WS","烏野","ICONIC","1","サーブ","スパイクサーブ","桃","39","0","49","0","","","","プール掃除東峰旭ICONIC"
"56","2","RPG","縁下力","グー","WS","烏野","ICONIC","1","サーブ","オーバーサーブ","桃","42","0","52","0","","","","RPG縁下力ICONIC"
"58","2","ユニフォーム","木下久志","パー","WS","烏野","ICONIC","1","サーブ","ジャンフロ","桃","35","5","45","7","","","","ユニフォーム木下久志ICONIC"
"59","2","妖","木下久志","チョキ","WS","烏野","ICONIC","1","サーブ","ジャンフロ","桃","35","5","45","7","","","","妖木下久志ICONIC"
"65","2","スパイ","孤爪研磨","パー","S","音駒","ICONIC","1","サーブ","オーバーサーブ","桃","43","0","53","0","","","","スパイ孤爪研磨ICONIC"
"70","2","夏祭り","黒尾鉄朗","パー","MB","音駒","ICONIC","1","サーブ","スパイクサーブ","桃","44","0","54","0","","","","夏祭り黒尾鉄朗ICONIC"
"103","2","甲冑","二口堅治","チョキ","WS","伊達工","ICONIC","1","サーブ","スパイクサーブ","桃","42","0","52","0","","","","甲冑二口堅治ICONIC"
"117","2","甲冑","鎌先靖志","パー","MB","伊達工","ICONIC","1","サーブ","スパイクサーブ","桃","46","0","56","0","","","","甲冑鎌先靖志ICONIC"
"119","2","ユニフォーム","及川徹","グー","S","青城","ICONIC","1","サーブ","スパイクサーブ","桃","51","0","61","0","","","","ユニフォーム及川徹ICONIC"
"123","2","路地裏","及川徹","パー","S","青城","ICONIC","1","サーブ","スパイクサーブ","桃","52","0","62","0","","","","路地裏及川徹ICONIC"
"128","2","制服","岩泉一","パー","WS","青城","ICONIC","1","サーブ","スパイクサーブ","桃","47","0","57","0","","","","制服岩泉一ICONIC"
"134","2","カンフー","金田一勇太郎","チョキ","MB","青城","ICONIC","1","サーブ","オーバーサーブ","桃","43","0","53","0","","","","カンフー金田一勇太郎ICONIC"
"137","2","梅雨","京谷賢太郎","グー","WS","青城","ICONIC","1","サーブ","スパイクサーブ","桃","49","0","59","0","","","","梅雨京谷賢太郎ICONIC"
"146","2","バカンス","松川一静","チョキ","MB","青城","ICONIC","1","サーブ","オーバーサーブ","桃","49","0","59","0","","","","バカンス松川一静ICONIC"
"150","2","妖","花巻貴大","グー","WS","青城","ICONIC","1","サーブ","スパイクサーブ","桃","49","0","59","0","","","","妖花巻貴大ICONIC"
"151","2","ユニフォーム","矢巾秀","グー","S","青城","ICONIC","1","サーブ","スパイクサーブ","桃","49","0","59","0","","","","ユニフォーム矢巾秀ICONIC"
"152","2","キャンプ","矢巾秀","パー","S","青城","ICONIC","1","サーブ","スパイクサーブ","桃","49","0","59","0","","","","キャンプ矢巾秀ICONIC"
"161","2","遊園地","池尻隼人","グー","WS","常波","ICONIC","1","サーブ","アンダーサーブ","桃","45","0","55","0","","","","遊園地池尻隼人ICONIC"
"179","2","ユニフォーム","照島游児","パー","WS","条善寺","ICONIC","1","サーブ","スパイクサーブ","桃","51","0","61","0","","","","ユニフォーム照島游児ICONIC"
"180","2","制服","照島游児","チョキ","WS","条善寺","ICONIC","1","サーブ","スパイクサーブ","桃","51","0","61","0","","","","制服照島游児ICONIC"
"182","2","スパイ","照島游児","パー","WS","条善寺","ICONIC","1","サーブ","スパイクサーブ","桃","51","0","61","0","","","","スパイ照島游児ICONIC"
"193","2","スパイ","中島猛","グー","WS","和久南","ICONIC","1","サーブ","スパイクサーブ","桃","48","0","58","0","","","","スパイ中島猛ICONIC"
"202","2","水着","牛島若利","パー","WS","白鳥沢","ICONIC","1","サーブ","スパイクサーブ","桃","51","0","61","0","","","","水着牛島若利ICONIC"
"204","2","制服","牛島若利","グー","WS","白鳥沢","ICONIC","1","サーブ","スパイクサーブ","桃","51","0","61","0","","","","制服牛島若利ICONIC"
"206","2","妖","牛島若利","チョキ","WS","白鳥沢","ICONIC","1","サーブ","スパイクサーブ","桃","52","0","62","0","","","","妖牛島若利ICONIC"
"215","2","制服","五色工","パー","WS","白鳥沢","ICONIC","1","サーブ","スパイクサーブ","桃","49","0","59","0","","","","制服五色工ICONIC"
"220","2","制服","白布賢二郎","チョキ","S","白鳥沢","ICONIC","1","サーブ","オーバーサーブ","桃","49","0","59","0","","","","制服白布賢二郎ICONIC"
"226","2","ユニフォーム","瀬見英太","グー","S","白鳥沢","ICONIC","1","サーブ","スパイクサーブ","桃","49","0","59","0","","","","ユニフォーム瀬見英太ICONIC"
"227","2","雪遊び","瀬見英太","パー","S","白鳥沢","ICONIC","1","サーブ","スパイクサーブ","桃","49","0","59","0","","","","雪遊び瀬見英太ICONIC"
"228","2","バカンス","瀬見英太","チョキ","S","白鳥沢","ICONIC","1","サーブ","スパイクサーブ","桃","49","0","59","0","","","","バカンス瀬見英太ICONIC"
"231","2","ユニフォーム","強羅昌己","グー","WS","生川","ICONIC","1","サーブ","スパイクサーブ","桃","50","0","60","0","","","","ユニフォーム強羅昌己ICONIC"
"233","2","ユニフォーム","仙石伸吾","グー","MB","生川","ICONIC","1","サーブ","スパイクサーブ","桃","45","0","55","0","","","","ユニフォーム仙石伸吾ICONIC"
"246","2","文化祭","宮侑","グー","S","稲荷崎","ICONIC","1","サーブ","ジャンフロ","桃","57","0","64","0","","","","文化祭宮侑ICONIC"
"247","2","RPG","宮侑","パー","S","稲荷崎","ICONIC","1","サーブ","スパイクサーブ","桃","50","0","60","0","","","","RPG宮侑ICONIC"
"248","1","カンフー","宮侑","チョキ","S","稲荷崎","ICONIC","1","サーブ","スパイクサーブ","銅","36","0","60","0","","","","カンフー宮侑ICONIC"
"251","2","RPG","宮治","パー","WS","稲荷崎","ICONIC","1","サーブ","スパイクサーブ","桃","50","0","60","0","","","","RPG宮治ICONIC"
"255","2","サバゲ","角名倫太郎","グー","MB","稲荷崎","ICONIC","1","サーブ","オーバーサーブ","桃","47","0","57","0","","","","サバゲ角名倫太郎ICONIC"
"257","2","路地裏2","角名倫太郎","チョキ","MB","稲荷崎","ICONIC","1","サーブ","オーバーサーブ","桃","48","0","58","0","","","","路地裏2角名倫太郎ICONIC"
"259","2","Xmas","北信介","グー","WS","稲荷崎","ICONIC","1","サーブ","スパイクサーブ","桃","47","0","57","0","","","","Xmas北信介ICONIC"
"260","2","スパイ","北信介","パー","WS","稲荷崎","ICONIC","1","サーブ","スパイクサーブ","桃","47","0","57","0","","","","スパイ北信介ICONIC"
"268","2","ユニフォーム","理石平介","チョキ","WS","稲荷崎","ICONIC","1","サーブ","スパイクサーブ","桃","44","0","54","0","","","","ユニフォーム理石平介ICONIC"
"291","2","妖","赤葦京治","チョキ","S","梟谷","ICONIC","1","サーブ","スパイクサーブ","桃","50","0","60","0","","","","妖赤葦京治ICONIC"
"292","2","ユニフォーム","姫川葵","パー","WS","椿原","ICONIC","1","サーブ","アンダーサーブ","桃","47","0","57","0","","","","ユニフォーム姫川葵ICONIC"
"293","2","花火","姫川葵","チョキ","WS","椿原","ICONIC","1","サーブ","アンダーサーブ","桃","48","0","58","0","","","","花火姫川葵ICONIC"
"301","2","文化祭","星海光来","グー","WS","鴎台","ICONIC","1","サーブ","スパイクサーブ","桃","51","0","61","0","","","","文化祭星海光来ICONIC"
"302","2","サバゲ","星海光来","パー","WS","鴎台","ICONIC","1","サーブ","スパイクサーブ","桃","51","0","61","0","","","","サバゲ星海光来ICONIC"
"315","2","カンフー","大将優","グー","WS","戸美","ICONIC","1","サーブ","スパイクサーブ","桃","49","0","59","0","","","","カンフー大将優ICONIC"
"317","2","ユニフォーム","沼井和馬","パー","WS","戸美","ICONIC","1","サーブ","スパイクサーブ","桃","47","0","57","0","","","","ユニフォーム沼井和馬ICONIC"
"320","2","ユニフォーム","高千穂恵也","パー","WS","戸美","ICONIC","1","サーブ","オーバーサーブ","桃","44","0","54","0","","","","ユニフォーム高千穂恵也ICONIC"
"321","2","ユニフォーム","広尾倖児","パー","MB","戸美","ICONIC","1","サーブ","ジャンフロ","桃","45","0","55","0","","","","ユニフォーム広尾倖児ICONIC"
"322","2","カンフー","広尾倖児","チョキ","MB","戸美","ICONIC","1","サーブ","ジャンフロ","桃","45","0","55","0","","","","カンフー広尾倖児ICONIC"
