服装,名前,No.,ID
"ユニフォーム","日向翔陽",1,"1"
"ユニフォーム","影山飛雄",11,"1"
"ユニフォーム","月島蛍",22,"1"
"ユニフォーム","山口忠",32,"1"
"ユニフォーム","西谷夕",38,"1"
"ユニフォーム","田中龍之介",45,"1"
"ユニフォーム","澤村大地",51,"1"
"ユニフォーム","菅原考支",57,"1"
"ユニフォーム","東峰旭",63,"1"
"ユニフォーム","縁下力",69,"1"
"ユニフォーム","木下久志",73,"1"
"ユニフォーム","成田一仁",75,"1"
"ユニフォーム","孤爪研磨",78,"1"
"ユニフォーム","黒尾鉄朗",88,"1"
"ユニフォーム","灰羽リエーフ",98,"1"
"ユニフォーム","夜久衛輔",103,"1"
"ユニフォーム","福永招平",109,"1"
"ユニフォーム","犬岡走",112,"1"
"ユニフォーム","山本猛虎",114,"1"
"ユニフォーム","芝山優生",117,"1"
"ユニフォーム","海信之",119,"1"
"ユニフォーム","手白球彦",122,"1"
"ユニフォーム","青根高伸",123,"1"
"ユニフォーム","二口堅治",129,"1"
"ユニフォーム","黄金川貫至",137,"1"
"ユニフォーム","小原豊",143,"1"
"ユニフォーム","女川太郎",144,"1"
"ユニフォーム","作並浩輔",146,"1"
"ユニフォーム","吹上仁悟",148,"1"
"ユニフォーム","茂庭要",149,"1"
"ユニフォーム","鎌先靖志",151,"1"
"ユニフォーム","笹谷武仁",153,"1"
"ユニフォーム","及川徹",154,"1"
"ユニフォーム","岩泉一",164,"1"
"ユニフォーム","金田一勇太郎",172,"1"
"ユニフォーム","京谷賢太郎",176,"1"
"ユニフォーム","国見英",179,"1"
"ユニフォーム","渡親治",185,"1"
"ユニフォーム","松川一静",186,"1"
"ユニフォーム","花巻貴大",190,"1"
"ユニフォーム","矢巾秀",195,"1"
"ユニフォーム","駒木輝",197,"1"
"ユニフォーム","茶屋和馬",198,"1"
"ユニフォーム","玉川弘樹",199,"1"
"ユニフォーム","桜井大河",200,"1"
"ユニフォーム","芳賀良治",201,"1"
"ユニフォーム","渋谷陸斗",202,"1"
"ユニフォーム","池尻隼人",203,"1"
"ユニフォーム","十和田良樹",206,"1"
"ユニフォーム","森岳歩",207,"1"
"ユニフォーム","唐松拓巳",208,"1"
"ユニフォーム","田沢裕樹",209,"1"
"ユニフォーム","子安颯真",210,"1"
"ユニフォーム","横手駿",212,"1"
"ユニフォーム","夏瀬伊吹",213,"1"
"ユニフォーム","秋宮昇",214,"1"
"ユニフォーム","古牧譲",215,"1"
"ユニフォーム","浅虫快人",217,"1"
"ユニフォーム","南田大志",218,"1"
"ユニフォーム","湯川良明",219,"1"
"ユニフォーム","稲垣功",220,"1"
"ユニフォーム","馬門英治",221,"1"
"ユニフォーム","百沢雄大",222,"1"
"ユニフォーム","照島游児",224,"1"
"ユニフォーム","母畑和馬",230,"1"
"ユニフォーム","二岐丈晴",232,"1"
"ユニフォーム","沼尻凛太郎",234,"1"
"ユニフォーム","飯坂信義",235,"1"
"ユニフォーム","東山勝道",236,"1"
"ユニフォーム","土湯新",237,"1"
"ユニフォーム","中島猛",238,"1"
"ユニフォーム","白石優希",240,"1"
"ユニフォーム","花山一雅",241,"1"
"ユニフォーム","鳴子哲平",242,"1"
"ユニフォーム","秋保和光",243,"1"
"ユニフォーム","松島剛",244,"1"
"ユニフォーム","川渡瞬己",246,"1"
"ユニフォーム","牛島若利",248,"1"
"ユニフォーム","天童覚",257,"1"
"ユニフォーム","五色工",264,"1"
"ユニフォーム","白布賢二郎",270,"1"
"ユニフォーム","大平獅音",277,"1"
"ユニフォーム","川西太一",279,"1"
"ユニフォーム","瀬見英太",282,"1"
"ユニフォーム","山形隼人",288,"1"
"ユニフォーム","強羅昌己",289,"1"
"ユニフォーム","芦谷洋平",290,"1"
"ユニフォーム","仙石伸吾",291,"1"
"ユニフォーム","中川俊美",292,"1"
"ユニフォーム","七沢健吾",293,"1"
"ユニフォーム","伊勢原裕次",294,"1"
"ユニフォーム","湯河浩二",295,"1"
"ユニフォーム","千鹿谷栄吉",296,"1"
"ユニフォーム","小鹿野大樹",297,"1"
"ユニフォーム","赤谷勇",298,"1"
"ユニフォーム","児玉勝",299,"1"
"ユニフォーム","名栗翔太",300,"1"
"ユニフォーム","島府典明",301,"1"
"ユニフォーム","吉川和孝",302,"1"
"ユニフォーム","宮侑",303,"1"
"ユニフォーム","宮治",311,"1"
"ユニフォーム","角名倫太郎",318,"1"
"ユニフォーム","北信介",326,"1"
"ユニフォーム","尾白アラン",333,"1"
"ユニフォーム","赤木路成",336,"1"
"ユニフォーム","大耳練",338,"1"
"ユニフォーム","理石平介",340,"1"
"ユニフォーム","銀島結",341,"1"
"ユニフォーム","木兎光太郎",343,"1"
"ユニフォーム","木葉秋紀",351,"1"
"ユニフォーム","猿杙大和",356,"1"
"ユニフォーム","小見春樹",358,"1"
"ユニフォーム","尾長渉",360,"1"
"ユニフォーム","鷲尾辰生",361,"1"
"ユニフォーム","赤葦京治",363,"1"
"ユニフォーム","姫川葵",372,"1"
"ユニフォーム","当間義友",374,"1"
"ユニフォーム","越後栄",375,"1"
"ユニフォーム","貝掛亮文",376,"1"
"ユニフォーム","丸山一喜",377,"1"
"ユニフォーム","舞子侑志",378,"1"
"ユニフォーム","寺泊基希",379,"1"
"ユニフォーム","星海光来",380,"1"
"ユニフォーム","昼神幸郎",386,"1"
"ユニフォーム","佐久早聖臣",390,"1"
"ユニフォーム","小森元也",394,"1"
"ユニフォーム","大将優",397,"1"
"ユニフォーム","沼井和馬",401,"1"
"ユニフォーム","潜尚保",402,"1"
"ユニフォーム","高千穂恵也",405,"1"
"ユニフォーム","広尾倖児",406,"1"
"ユニフォーム","先島伊澄",408,"1"
"ユニフォーム","背黒晃彦",409,"1"
"ユニフォーム","赤間颯",410,"1"
"ユニフォーム","白峰周",411,"1"
"ユニフォーム","和倉久彦",412,"1"
"ユニフォーム","金沢伊織",413,"1"
"ユニフォーム","志賀智也",414,"1"
"ユニフォーム","輪島友和",415,"1"
"ユニフォーム","深谷謙朗",416,"1"
"ユニフォーム","山代総司",417,"1"
"制服","日向翔陽",2,"2"
"制服","影山飛雄",12,"2"
"制服","西谷夕",39,"2"
"制服","田中龍之介",46,"2"
"夏祭り","日向翔陽",3,"5"
"夏祭り","影山飛雄",13,"5"
"1周年","日向翔陽",4,"13"
"1周年","影山飛雄",15,"13"
"1周年","月島蛍",25,"13"
"水着","月島蛍",23,"4"
"水着","山口忠",33,"4"
"王冠","日向翔陽",5,"20"
"王冠","影山飛雄",16,"20"
"ジャージ","日向翔陽",6,"28"
"ジャージ","影山飛雄",17,"28"
"ジャージ","月島蛍",27,"28"
"ジャージ","山口忠",36,"28"
"遊園地","日向翔陽",7,"33"
"職業体験","月島蛍",24,"7"
"ハロウィン","日向翔陽",8,"42"
"ハロウィン","西谷夕",44,"42"
"和装体験","日向翔陽",9,"46"
"格ゲー","日向翔陽",10,"48"
"格ゲー","影山飛雄",21,"48"
"Xmas","影山飛雄",14,"10"
"Xmas","西谷夕",40,"10"
"新年","田中龍之介",47,"11"
"雪遊び","山口忠",34,"12"
"RPG","田中龍之介",48,"16"
"バーガー","西谷夕",41,"17"
"2周年","影山飛雄",18,"32"
"2周年","月島蛍",28,"32"
"2周年","西谷夕",43,"32"
"中学生","影山飛雄",19,"35"
"文化祭3","影山飛雄",20,"43"
"花火","月島蛍",26,"21"
"スパイ","山口忠",35,"23"
"仮装","田中龍之介",49,"25"
"文化祭2","西谷夕",42,"27"
"アート2","月島蛍",29,"37"
"焼き芋","月島蛍",30,"41"
"焼き芋","山口忠",37,"41"
"寝正月","月島蛍",31,"45"
"Xmas3","田中龍之介",50,"44"
"プール掃除","澤村大地",52,"3"
"文化祭","澤村大地",53,"8"
"RPG","澤村大地",54,"16"
"新年2","澤村大地",55,"30"
"Xmas3","澤村大地",56,"44"
"プール掃除","菅原考支",58,"3"
"文化祭","菅原考支",59,"8"
"梅雨","菅原考支",60,"18"
"Xmas2","菅原考支",61,"29"
"夏祭り2","菅原考支",62,"40"
"プール掃除","東峰旭",64,"3"
"サバゲ","東峰旭",65,"14"
"夏祭り2","東峰旭",66,"40"
"和装体験","東峰旭",67,"46"
"探偵","縁下力",70,"6"
"RPG","縁下力",71,"16"
"花火","縁下力",72,"21"
"妖","木下久志",74,"34"
"格ゲー","清水潔子",76,"48"
"格ゲー","谷地仁花",77,"48"
"制服","孤爪研磨",79,"2"
"夏祭り","孤爪研磨",80,"5"
"1周年","孤爪研磨",81,"13"
"スパイ","孤爪研磨",82,"23"
"Xmas2","孤爪研磨",83,"29"
"中学生","孤爪研磨",84,"35"
"ハロウィン","孤爪研磨",85,"42"
"寝正月","孤爪研磨",86,"45"
"思い出","孤爪研磨",87,"49"
"制服","黒尾鉄朗",89,"2"
"夏祭り","黒尾鉄朗",90,"5"
"1周年","黒尾鉄朗",91,"13"
"キャンプ","黒尾鉄朗",92,"19"
"文化祭2","黒尾鉄朗",93,"27"
"中学生","黒尾鉄朗",94,"35"
"ハロウィン","黒尾鉄朗",95,"42"
"和装体験","黒尾鉄朗",96,"46"
"思い出","黒尾鉄朗",97,"49"
"探偵","灰羽リエーフ",99,"6"
"路地裏","灰羽リエーフ",100,"15"
"文化祭2","灰羽リエーフ",101,"27"
"サバゲ2","灰羽リエーフ",102,"38"
"1周年","夜久衛輔",104,"13"
"花火","夜久衛輔",105,"21"
"2周年","夜久衛輔",106,"32"
"水着2","夜久衛輔",107,"39"
"Xmas3","夜久衛輔",108,"44"
"バーガー","福永招平",110,"17"
"アート2","福永招平",111,"37"
"新年","犬岡走",113,"11"
"新年","山本猛虎",115,"11"
"和装体験","山本猛虎",116,"46"
"焼き芋","芝山優生",118,"41"
"遊園地","海信之",120,"33"
"制服","青根高伸",124,"2"
"プール掃除","青根高伸",125,"3"
"キャンプ","青根高伸",126,"19"
"甲冑","青根高伸",127,"26"
"Xmas3","青根高伸",128,"44"
"制服","二口堅治",130,"2"
"プール掃除","二口堅治",131,"3"
"路地裏","二口堅治",132,"15"
"甲冑","二口堅治",133,"26"
"2周年","二口堅治",134,"32"
"アート2","二口堅治",135,"37"
"Xmas3","二口堅治",136,"44"
"制服","黄金川貫至",138,"2"
"職業体験","黄金川貫至",139,"7"
"スパイ","黄金川貫至",140,"23"
"焼き芋","黄金川貫至",141,"41"
"格ゲー","黄金川貫至",142,"48"
"水着2","女川太郎",145,"39"
"職業体験2","作並浩輔",147,"36"
"寝正月","茂庭要",150,"45"
"甲冑","鎌先靖志",152,"26"
"プール掃除","及川徹",155,"3"
"Xmas","及川徹",156,"10"
"制服","及川徹",157,"2"
"路地裏","及川徹",158,"15"
"バカンス","及川徹",159,"22"
"2周年","及川徹",160,"32"
"夏祭り2","及川徹",161,"40"
"和装体験","及川徹",162,"46"
"格ゲー","及川徹",163,"48"
"プール掃除","岩泉一",165,"3"
"制服","岩泉一",166,"2"
"サバゲ","岩泉一",167,"14"
"バカンス","岩泉一",168,"22"
"路地裏2","岩泉一",169,"31"
"夏祭り2","岩泉一",170,"40"
"Xmas3","岩泉一",171,"44"
"雪遊び","金田一勇太郎",173,"12"
"カンフー","金田一勇太郎",174,"24"
"中学生","金田一勇太郎",175,"35"
"梅雨","京谷賢太郎",177,"18"
"水着2","京谷賢太郎",178,"39"
"職業体験","国見英",180,"7"
"路地裏","国見英",181,"15"
"カンフー","国見英",182,"24"
"中学生","国見英",183,"35"
"寝正月","国見英",184,"45"
"アート","松川一静",187,"9"
"バカンス","松川一静",188,"22"
"焼き芋","松川一静",189,"41"
"アート","花巻貴大",191,"9"
"バーガー","花巻貴大",192,"17"
"妖","花巻貴大",193,"34"
"焼き芋","花巻貴大",194,"41"
"キャンプ","矢巾秀",196,"19"
"文化祭2","池尻隼人",204,"27"
"遊園地","池尻隼人",205,"33"
"サバゲ2","子安颯真",211,"38"
"雪遊び","古牧譲",216,"12"
"職業体験","百沢雄大",223,"7"
"制服","照島游児",225,"2"
"雪遊び","照島游児",226,"12"
"スパイ","照島游児",227,"23"
"妖","照島游児",228,"34"
"格ゲー","照島游児",229,"48"
"アート2","母畑和馬",231,"37"
"制服","二岐丈晴",233,"2"
"スパイ","中島猛",239,"23"
"妖","松島剛",245,"34"
"サバゲ2","川渡瞬己",247,"38"
"水着","牛島若利",249,"4"
"新年","牛島若利",250,"11"
"制服","牛島若利",251,"2"
"文化祭2","牛島若利",252,"27"
"妖","牛島若利",253,"34"
"ハロウィン","牛島若利",254,"42"
"Xmas3","牛島若利",255,"44"
"3周年","牛島若利",256,"47"
"水着","天童覚",258,"4"
"文化祭","天童覚",259,"8"
"制服","天童覚",260,"2"
"仮装","天童覚",261,"25"
"遊園地","天童覚",262,"33"
"Xmas3","天童覚",263,"44"
"職業体験","五色工",265,"7"
"制服","五色工",266,"2"
"バカンス","五色工",267,"22"
"Xmas2","五色工",268,"29"
"サバゲ2","五色工",269,"38"
"探偵","白布賢二郎",271,"6"
"制服","白布賢二郎",272,"2"
"バカンス","白布賢二郎",273,"22"
"路地裏2","白布賢二郎",274,"31"
"文化祭3","白布賢二郎",275,"43"
"3周年","白布賢二郎",276,"47"
"格ゲー","大平獅音",278,"48"
"路地裏","川西太一",280,"15"
"寝正月","川西太一",281,"45"
"雪遊び","瀬見英太",283,"12"
"バカンス","瀬見英太",284,"22"
"アート2","瀬見英太",285,"37"
"文化祭3","瀬見英太",286,"43"
"3周年","瀬見英太",287,"47"
"文化祭","宮侑",304,"8"
"RPG","宮侑",305,"16"
"カンフー","宮侑",306,"24"
"新年2","宮侑",307,"30"
"サバゲ2","宮侑",308,"38"
"制服","宮侑",309,"2"
"3周年","宮侑",310,"47"
"RPG","宮治",312,"16"
"カンフー","宮治",313,"24"
"遊園地","宮治",314,"33"
"夏祭り2","宮治",315,"40"
"制服","宮治",316,"2"
"3周年","宮治",317,"47"
"サバゲ","角名倫太郎",319,"14"
"花火","角名倫太郎",320,"21"
"路地裏2","角名倫太郎",321,"31"
"水着2","角名倫太郎",322,"39"
"制服","角名倫太郎",323,"2"
"寝正月","角名倫太郎",324,"45"
"3周年","角名倫太郎",325,"47"
"Xmas","北信介",327,"10"
"スパイ","北信介",328,"23"
"新年2","北信介",329,"30"
"職業体験2","北信介",330,"36"
"制服","北信介",331,"2"
"和装体験","北信介",332,"46"
"雪遊び","尾白アラン",334,"12"
"夏祭り2","尾白アラン",335,"40"
"Xmas2","赤木路成",337,"29"
"和装体験","大耳練",339,"46"
"Xmas2","銀島結",342,"29"
"夏祭り","木兎光太郎",344,"5"
"Xmas","木兎光太郎",345,"10"
"制服","木兎光太郎",346,"2"
"キャンプ","木兎光太郎",347,"19"
"2周年","木兎光太郎",348,"32"
"焼き芋","木兎光太郎",349,"41"
"3周年","木兎光太郎",350,"47"
"探偵","木葉秋紀",352,"6"
"梅雨","木葉秋紀",353,"18"
"路地裏2","木葉秋紀",354,"31"
"水着2","木葉秋紀",355,"39"
"ハロウィン","猿杙大和",357,"42"
"路地裏2","小見春樹",359,"31"
"ハロウィン","鷲尾辰生",362,"42"
"夏祭り","赤葦京治",364,"5"
"制服","赤葦京治",365,"2"
"バーガー","赤葦京治",366,"17"
"仮装","赤葦京治",367,"25"
"妖","赤葦京治",368,"34"
"焼き芋","赤葦京治",369,"41"
"Xmas3","赤葦京治",370,"44"
"3周年","赤葦京治",371,"47"
"花火","姫川葵",373,"21"
"文化祭","星海光来",381,"8"
"サバゲ","星海光来",382,"14"
"花火","星海光来",383,"21"
"新年2","星海光来",384,"30"
"格ゲー","星海光来",385,"48"
"Xmas","昼神幸郎",387,"10"
"職業体験2","昼神幸郎",388,"36"
"寝正月","昼神幸郎",389,"45"
"サバゲ","佐久早聖臣",391,"14"
"新年2","佐久早聖臣",392,"30"
"和装体験","佐久早聖臣",393,"46"
"キャンプ","小森元也",395,"19"
"ハロウィン","小森元也",396,"42"
"新年","大将優",398,"11"
"カンフー","大将優",399,"24"
"妖","大将優",400,"34"
"バーガー","潜尚保",403,"17"
"寝正月","潜尚保",404,"45"
"カンフー","広尾倖児",407,"24"
