No,eda,No用,大分類,属性,色,パワー,補正,強化,強化補正,オートアクティブ,その他補正項目,その他補正値
8,4,"ユニフォーム影山飛雄ICONIC","攻撃","ブロード","銅",28,0,0,0,"","",""
9,4,"制服影山飛雄ICONIC","攻撃","ブロード","銅",28,0,0,0,"","",""
10,4,"夏祭り影山飛雄ICONIC","攻撃","ブロード","銅",28,0,0,0,"","",""
11,4,"Xmas影山飛雄ICONIC","攻撃","ブロード","銅",28,0,0,0,"","",""
13,4,"王冠影山飛雄ICONIC","攻撃","ブロード","銅",28,0,0,0,"","",""
14,4,"ジャージ影山飛雄ICONIC","攻撃","ブロード","銅",28,0,0,0,"","",""
15,4,"2周年影山飛雄ICONIC","攻撃","ブロード","銅",28,0,0,0,"","",""
25,4,"ユニフォーム山口忠ICONIC","攻撃","ブロード","銅",21,0,0,0,"","",""
26,4,"水着山口忠ICONIC","攻撃","ブロード","銅",21,0,0,0,"","",""
27,4,"雪遊び山口忠ICONIC","攻撃","ブロード","銅",21,0,0,0,"","",""
28,4,"スパイ山口忠ICONIC","攻撃","ブロード","銅",21,0,0,0,"","",""
46,4,"ユニフォーム菅原考支ICONIC","攻撃","ブロード","銅",29,0,0,0,"","",""
47,4,"プール掃除菅原考支ICONIC","攻撃","ブロード","銅",29,0,0,0,"","",""
48,4,"文化祭菅原考支ICONIC","攻撃","ブロード","銅",29,0,0,0,"","",""
49,4,"梅雨菅原考支ICONIC","攻撃","ブロード","銅",29,0,0,0,"","",""
59,4,"ユニフォーム木下久志ICONIC","攻撃","ブロード","銅",24,0,0,0,"","",""
60,4,"妖木下久志ICONIC","攻撃","ブロード","銅",24,0,0,0,"","",""
62,4,"ユニフォーム孤爪研磨ICONIC","攻撃","ブロード","銅",24,0,0,0,"","",""
63,4,"制服孤爪研磨ICONIC","攻撃","ブロード","銅",24,0,0,0,"","",""
64,4,"夏祭り孤爪研磨ICONIC","攻撃","ブロード","銅",24,0,0,0,"","",""
65,4,"1周年孤爪研磨ICONIC","攻撃","ブロード","銅",24,0,0,0,"","",""
66,4,"スパイ孤爪研磨ICONIC","攻撃","ブロード","銅",24,0,0,0,"","",""
67,4,"Xmas2孤爪研磨ICONIC","攻撃","ブロード","銅",24,0,0,0,"","",""
68,4,"中学生孤爪研磨ICONIC","攻撃","ブロード","銅",24,0,0,0,"","",""
78,4,"路地裏灰羽リエーフICONIC","攻撃","ブロード","銅",29,0,0,0,"","",""
88,4,"ユニフォーム犬岡走ICONIC","攻撃","ブロード","銅",25,0,0,0,"","",""
89,4,"新年犬岡走ICONIC","攻撃","ブロード","銅",25,0,0,0,"","",""
90,4,"ユニフォーム山本猛虎ICONIC","攻撃","ブロード","銅",28,0,0,0,"","",""
91,4,"新年山本猛虎ICONIC","攻撃","ブロード","銅",28,0,0,0,"","",""
97,4,"ユニフォーム青根高伸ICONIC","攻撃","ブロード","銅",26,0,0,0,"","",""
98,4,"制服青根高伸ICONIC","攻撃","ブロード","銅",26,0,0,0,"","",""
99,4,"プール掃除青根高伸ICONIC","攻撃","ブロード","銅",26,0,0,0,"","",""
100,4,"キャンプ青根高伸ICONIC","攻撃","ブロード","銅",26,0,0,0,"","",""
101,4,"甲冑青根高伸ICONIC","攻撃","ブロード","銅",26,0,0,0,"","",""
122,4,"ユニフォーム及川徹ICONIC","攻撃","ブロード","銅",33,0,0,0,"","",""
123,4,"プール掃除及川徹ICONIC","攻撃","ブロード","銅",33,0,0,0,"","",""
124,4,"Xmas及川徹ICONIC","攻撃","ブロード","銅",33,0,0,0,"","",""
125,4,"制服及川徹ICONIC","攻撃","ブロード","銅",33,0,0,0,"","",""
126,4,"路地裏及川徹ICONIC","攻撃","ブロード","銅",33,0,0,0,"","",""
127,4,"バカンス及川徹ICONIC","攻撃","ブロード","銅",33,0,0,0,"","",""
139,4,"ユニフォーム京谷賢太郎ICONIC","攻撃","ブロード","銅",35,0,0,0,"","",""
156,4,"ユニフォーム駒木輝ICONIC","攻撃","ブロード","銅",29,0,0,0,"","",""
158,4,"ユニフォーム玉川弘樹ICONIC","攻撃","ブロード","銅",29,0,0,0,"","",""
162,4,"ユニフォーム池尻隼人ICONIC","攻撃","ブロード","銅",30,0,0,0,"","",""
163,4,"文化祭2池尻隼人ICONIC","攻撃","ブロード","銅",30,0,0,0,"","",""
164,4,"遊園地池尻隼人ICONIC","攻撃","ブロード","銅",30,0,0,0,"","",""
165,4,"ユニフォーム十和田良樹ICONIC","攻撃","ブロード","銅",30,0,0,0,"","",""
167,4,"ユニフォーム唐松拓巳ICONIC","攻撃","ブロード","銅",30,0,0,0,"","",""
168,4,"ユニフォーム田沢裕樹ICONIC","攻撃","ブロード","銅",30,0,0,0,"","",""
176,4,"ユニフォーム浅虫快人ICONIC","攻撃","ブロード","銅",31,0,0,0,"","",""
179,4,"ユニフォーム稲垣功ICONIC","攻撃","ブロード","銅",31,0,0,0,"","",""
183,4,"ユニフォーム照島游児ICONIC","攻撃","ブロード","銅",33,0,0,0,"","",""
184,4,"制服照島游児ICONIC","攻撃","ブロード","銅",33,0,0,0,"","",""
186,4,"スパイ照島游児ICONIC","攻撃","ブロード","銅",33,0,0,0,"","",""
192,4,"ユニフォーム沼尻凛太郎ICONIC","攻撃","ブロード","銅",29,0,0,0,"","",""
194,4,"ユニフォーム東山勝道ICONIC","攻撃","ブロード","銅",14,0,0,0,"","",""
196,4,"ユニフォーム中島猛ICONIC","攻撃","ブロード","銅",26,0,0,0,"","",""
197,4,"スパイ中島猛ICONIC","攻撃","ブロード","銅",26,0,0,0,"","",""
198,4,"ユニフォーム白石優希ICONIC","攻撃","ブロード","銅",12,0,0,0,"","",""
204,4,"ユニフォーム川渡瞬己ICONIC","攻撃","ブロード","銅",34,0,0,0,"","",""
205,4,"サバゲ2川渡瞬己ICONIC","攻撃","ブロード","銅",34,0,0,0,"","",""
206,4,"ユニフォーム牛島若利ICONIC","攻撃","ブロード","銅",28,0,0,0,"","",""
207,4,"水着牛島若利ICONIC","攻撃","ブロード","銅",28,0,0,0,"","",""
211,4,"妖牛島若利ICONIC","攻撃","ブロード","銅",28,0,0,0,"","",""
218,4,"ユニフォーム五色工ICONIC","攻撃","ブロード","銅",34,0,0,0,"","",""
220,4,"制服五色工ICONIC","攻撃","ブロード","銅",34,0,0,0,"","",""
222,4,"Xmas2五色工ICONIC","攻撃","ブロード","銅",34,0,0,0,"","",""
223,4,"サバゲ2五色工ICONIC","攻撃","ブロード","銅",34,0,0,0,"","",""
238,4,"ユニフォーム芦谷洋平ICONIC","攻撃","ブロード","銅",28,0,0,0,"","",""
247,4,"ユニフォーム児玉勝ICONIC","攻撃","ブロード","銅",30,0,0,0,"","",""
249,4,"ユニフォーム島府典明ICONIC","攻撃","ブロード","銅",28,0,0,0,"","",""
257,4,"ユニフォーム宮治ICONIC","攻撃","ブロード","銅",32,0,0,0,"","",""
258,4,"RPG宮治ICONIC","攻撃","ブロード","銅",32,0,0,0,"","",""
259,4,"カンフー宮治ICONIC","攻撃","ブロード","銅",32,0,0,0,"","",""
261,4,"ユニフォーム角名倫太郎ICONIC","攻撃","ブロード","銅",29,0,0,0,"","",""
262,4,"サバゲ角名倫太郎ICONIC","攻撃","ブロード","銅",29,0,0,0,"","",""
263,4,"花火角名倫太郎ICONIC","攻撃","ブロード","銅",29,0,0,0,"","",""
264,4,"路地裏2角名倫太郎ICONIC","攻撃","ブロード","銅",29,0,0,0,"","",""
276,4,"ユニフォーム銀島結ICONIC","攻撃","ブロード","銅",33,0,0,0,"","",""
277,4,"Xmas2銀島結ICONIC","攻撃","ブロード","銅",33,0,0,0,"","",""
289,4,"ユニフォーム猿杙大和ICONIC","攻撃","ブロード","銅",32,0,0,0,"","",""
306,4,"ユニフォーム舞子侑志ICONIC","攻撃","ブロード","銅",20,0,0,0,"","",""
321,4,"ユニフォーム大将優ICONIC","攻撃","ブロード","銅",31,0,0,0,"","",""
323,4,"カンフー大将優ICONIC","攻撃","ブロード","銅",31,0,0,0,"","",""
324,4,"妖大将優ICONIC","攻撃","ブロード","銅",31,0,0,0,"","",""
1,5,"ユニフォーム日向翔陽ICONIC","攻撃","ブロード","銅",29,0,0,0,"","",""
3,5,"夏祭り日向翔陽ICONIC","攻撃","ブロード","銅",29,0,0,0,"","",""
4,5,"1周年日向翔陽ICONIC","攻撃","ブロード","銅",29,0,0,0,"","",""
6,5,"ジャージ日向翔陽ICONIC","攻撃","ブロード","銅",28,0,0,0,"","",""
7,5,"遊園地日向翔陽ICONIC","攻撃","ブロード","銅",28,0,0,0,"","",""
12,5,"1周年影山飛雄ICONIC","攻撃","ブロード","銅",28,0,0,0,"","",""
16,5,"中学生影山飛雄ICONIC","攻撃","ブロード","銅",29,0,0,0,"","",""
29,5,"ジャージ山口忠ICONIC","攻撃","ブロード","銅",21,0,0,0,"","",""
41,3,"ユニフォーム澤村大地ICONIC","攻撃","ブロード","銅",24,0,0,0,"","",""
42,3,"プール掃除澤村大地ICONIC","攻撃","ブロード","銅",24,0,0,0,"","",""
43,5,"文化祭澤村大地ICONIC","攻撃","ブロード","銅",24,0,0,0,"","",""
44,3,"RPG澤村大地ICONIC","攻撃","ブロード","銅",24,0,0,0,"","",""
45,5,"新年2澤村大地ICONIC","攻撃","ブロード","銅",24,0,0,0,"","",""
50,5,"Xmas2菅原考支ICONIC","攻撃","ブロード","銅",29,0,0,0,"","",""
51,9,"ユニフォーム東峰旭ICONIC","攻撃","ブロード","銅",21,0,0,0,"","",""
52,6,"プール掃除東峰旭ICONIC","攻撃","ブロード","銅",19,0,0,0,"","",""
53,8,"サバゲ東峰旭ICONIC","攻撃","ブロード","銅",21,0,0,0,"","",""
54,7,"ユニフォーム東峰旭YELL","攻撃","ブロード","銅",21,0,0,0,"","",""
61,3,"ユニフォーム成田一仁ICONIC","攻撃","ブロード","銅",21,0,0,0,"","",""
69,5,"ユニフォーム黒尾鉄朗ICONIC","攻撃","ブロード","銅",25,0,0,0,"","",""
70,5,"制服黒尾鉄朗ICONIC","攻撃","ブロード","銅",25,0,0,0,"","",""
71,5,"夏祭り黒尾鉄朗ICONIC","攻撃","ブロード","銅",25,0,0,0,"","",""
73,5,"キャンプ黒尾鉄朗ICONIC","攻撃","ブロード","銅",25,0,0,0,"","",""
74,5,"文化祭2黒尾鉄朗ICONIC","攻撃","ブロード","銅",25,0,0,0,"","",""
75,5,"中学生黒尾鉄朗ICONIC","攻撃","ブロード","銅",27,0,0,0,"","",""
76,3,"ユニフォーム灰羽リエーフICONIC","攻撃","ブロード","銅",29,0,0,0,"","",""
77,3,"探偵灰羽リエーフICONIC","攻撃","ブロード","銅",29,0,0,0,"","",""
79,3,"文化祭2灰羽リエーフICONIC","攻撃","ブロード","銅",29,0,0,0,"","",""
85,5,"ユニフォーム福永招平ICONIC","攻撃","ブロード","銅",27,0,0,0,"","",""
86,5,"バーガー福永招平ICONIC","攻撃","ブロード","銅",27,0,0,0,"","",""
87,5,"アート2福永招平ICONIC","攻撃","ブロード","銅",27,0,0,0,"","",""
93,5,"ユニフォーム海信之ICONIC","攻撃","ブロード","銅",28,0,0,0,"","",""
94,5,"遊園地海信之ICONIC","攻撃","ブロード","銅",28,0,0,0,"","",""
95,5,"ユニフォーム海信之YELL","攻撃","ブロード","銅",28,0,0,0,"","",""
113,5,"ユニフォーム小原豊ICONIC","攻撃","ブロード","銅",27,0,0,0,"","",""
117,3,"ユニフォーム吹上仁悟ICONIC","攻撃","ブロード","銅",25,0,0,0,"","",""
119,3,"ユニフォーム鎌先靖志ICONIC","攻撃","ブロード","銅",30,0,0,0,"","",""
120,3,"甲冑鎌先靖志ICONIC","攻撃","ブロード","銅",30,0,0,0,"","",""
135,3,"ユニフォーム金田一勇太郎ICONIC","攻撃","ブロード","銅",26,0,0,0,"","",""
136,3,"雪遊び金田一勇太郎ICONIC","攻撃","ブロード","銅",26,0,0,0,"","",""
137,3,"カンフー金田一勇太郎ICONIC","攻撃","ブロード","銅",26,0,0,0,"","",""
138,3,"中学生金田一勇太郎ICONIC","攻撃","ブロード","銅",26,0,0,0,"","",""
141,5,"ユニフォーム国見英ICONIC","攻撃","ブロード","銅",30,0,0,0,"","",""
142,7,"職業体験国見英ICONIC","攻撃","ブロード","銅",30,0,0,0,"","",""
143,5,"路地裏国見英ICONIC","攻撃","ブロード","銅",30,0,0,0,"","",""
144,5,"カンフー国見英ICONIC","攻撃","ブロード","銅",30,0,0,0,"","",""
145,5,"中学生国見英ICONIC","攻撃","ブロード","銅",30,0,0,0,"","",""
147,3,"ユニフォーム松川一静ICONIC","攻撃","ブロード","銅",25,0,0,0,"","",""
148,3,"アート松川一静ICONIC","攻撃","ブロード","銅",25,0,0,0,"","",""
149,3,"バカンス松川一静ICONIC","攻撃","ブロード","銅",25,0,0,0,"","",""
150,5,"ユニフォーム花巻貴大ICONIC","攻撃","ブロード","銅",30,0,0,0,"","",""
151,5,"アート花巻貴大ICONIC","攻撃","ブロード","銅",30,0,0,0,"","",""
152,6,"バーガー花巻貴大ICONIC","攻撃","ブロード","銅",30,0,0,0,"","",""
153,5,"妖花巻貴大ICONIC","攻撃","ブロード","銅",30,0,0,0,"","",""
161,3,"ユニフォーム渋谷陸斗ICONIC","攻撃","ブロード","銅",24,0,0,0,"","",""
166,3,"ユニフォーム森岳歩ICONIC","攻撃","ブロード","銅",24,0,0,0,"","",""
169,3,"ユニフォーム子安颯真ICONIC","攻撃","ブロード","銅",25,0,0,0,"","",""
170,3,"サバゲ2子安颯真ICONIC","攻撃","ブロード","銅",25,0,0,0,"","",""
178,3,"ユニフォーム湯川良明ICONIC","攻撃","ブロード","銅",25,0,0,0,"","",""
180,3,"ユニフォーム馬門英治ICONIC","攻撃","ブロード","銅",25,0,0,0,"","",""
185,5,"雪遊び照島游児ICONIC","攻撃","ブロード","銅",33,0,0,0,"","",""
188,3,"ユニフォーム母畑和馬ICONIC","攻撃","ブロード","銅",25,0,0,0,"","",""
189,3,"アート2母畑和馬ICONIC","攻撃","ブロード","銅",25,0,0,0,"","",""
193,3,"ユニフォーム飯坂信義ICONIC","攻撃","ブロード","銅",25,0,0,0,"","",""
200,3,"ユニフォーム鳴子哲平ICONIC","攻撃","ブロード","銅",24,0,0,0,"","",""
202,3,"ユニフォーム松島剛ICONIC","攻撃","ブロード","銅",23,0,0,0,"","",""
203,3,"妖松島剛ICONIC","攻撃","ブロード","銅",23,0,0,0,"","",""
219,6,"職業体験五色工ICONIC","攻撃","ブロード","銅",33,0,0,0,"","",""
221,6,"バカンス五色工ICONIC","攻撃","ブロード","銅",33,0,0,0,"","",""
229,3,"ユニフォーム大平獅音ICONIC","攻撃","ブロード","銅",29,0,0,0,"","",""
237,3,"ユニフォーム強羅昌己ICONIC","攻撃","ブロード","銅",32,0,0,0,"","",""
242,3,"ユニフォーム伊勢原裕次ICONIC","攻撃","ブロード","銅",24,0,0,0,"","",""
250,3,"ユニフォーム吉川和孝ICONIC","攻撃","ブロード","銅",24,0,0,0,"","",""
260,5,"遊園地宮治ICONIC","攻撃","ブロード","銅",32,0,0,0,"","",""
274,3,"ユニフォーム大耳練ICONIC","攻撃","ブロード","銅",28,0,0,0,"","",""
278,7,"ユニフォーム木兎光太郎ICONIC","攻撃","ブロード","銅",33,0,0,0,"","",""
279,7,"夏祭り木兎光太郎ICONIC","攻撃","ブロード","銅",33,0,0,0,"","",""
281,7,"制服木兎光太郎ICONIC","攻撃","ブロード","銅",33,0,0,0,"","",""
283,7,"2周年木兎光太郎ICONIC","攻撃","ブロード","銅",33,0,0,0,"","",""
293,3,"ユニフォーム鷲尾辰生ICONIC","攻撃","ブロード","銅",28,0,0,0,"","",""
300,3,"ユニフォーム姫川葵ICONIC","攻撃","ブロード","銅",28,0,0,0,"","",""
301,3,"花火姫川葵ICONIC","攻撃","ブロード","銅",28,0,0,0,"","",""
305,5,"ユニフォーム丸山一喜ICONIC","攻撃","ブロード","銅",33,0,0,0,"","",""
308,6,"ユニフォーム星海光来ICONIC","攻撃","ブロード","銅",33,0,0,0,"","",""
309,6,"文化祭星海光来ICONIC","攻撃","ブロード","銅",33,0,0,0,"","",""
310,6,"サバゲ星海光来ICONIC","攻撃","ブロード","銅",33,0,0,0,"","",""
311,6,"花火星海光来ICONIC","攻撃","ブロード","銅",33,0,0,0,"","",""
312,6,"新年2星海光来ICONIC","攻撃","ブロード","銅",33,0,0,0,"","",""
313,3,"ユニフォーム昼神幸郎ICONIC","攻撃","ブロード","銅",25,0,0,0,"","",""
314,3,"Xmas昼神幸郎ICONIC","攻撃","ブロード","銅",25,0,0,0,"","",""
315,3,"職業体験2昼神幸郎ICONIC","攻撃","ブロード","銅",25,0,0,0,"","",""
316,7,"ユニフォーム佐久早聖臣ICONIC","攻撃","ブロード","銅",33,0,0,0,"","",""
317,7,"サバゲ佐久早聖臣ICONIC","攻撃","ブロード","銅",33,0,0,0,"","",""
318,7,"新年2佐久早聖臣ICONIC","攻撃","ブロード","銅",33,0,0,0,"","",""
322,5,"新年大将優ICONIC","攻撃","ブロード","銅",31,0,0,0,"","",""
326,5,"ユニフォーム潜尚保ICONIC","攻撃","ブロード","銅",29,0,0,0,"","",""
327,5,"バーガー潜尚保ICONIC","攻撃","ブロード","銅",29,0,0,0,"","",""
329,3,"ユニフォーム広尾倖児ICONIC","攻撃","ブロード","銅",24,0,0,0,"","",""
330,3,"カンフー広尾倖児ICONIC","攻撃","ブロード","銅",24,0,0,0,"","",""
1,3,"ユニフォーム日向翔陽ICONIC","攻撃","ストレート","銅",28,0,0,0,"","",""
2,3,"制服日向翔陽ICONIC","攻撃","ストレート","銅",28,0,0,0,"","",""
3,3,"夏祭り日向翔陽ICONIC","攻撃","ストレート","銅",28,0,0,0,"","",""
4,3,"1周年日向翔陽ICONIC","攻撃","ストレート","銅",28,0,0,0,"","",""
6,3,"ジャージ日向翔陽ICONIC","攻撃","ストレート","銅",28,0,0,0,"","",""
7,3,"遊園地日向翔陽ICONIC","攻撃","ストレート","銅",28,0,0,0,"","",""
8,3,"ユニフォーム影山飛雄ICONIC","攻撃","フェイント","銅",30,0,0,0,"","",""
9,3,"制服影山飛雄ICONIC","攻撃","フェイント","銅",30,0,0,0,"","",""
10,3,"夏祭り影山飛雄ICONIC","攻撃","フェイント","銅",30,0,0,0,"","",""
11,3,"Xmas影山飛雄ICONIC","攻撃","フェイント","銅",30,0,0,0,"","",""
12,4,"1周年影山飛雄ICONIC","攻撃","フェイント","銅",30,0,0,0,"","",""
13,3,"王冠影山飛雄ICONIC","攻撃","フェイント","銅",30,0,0,0,"","",""
14,3,"ジャージ影山飛雄ICONIC","攻撃","フェイント","銅",30,0,0,0,"","",""
15,3,"2周年影山飛雄ICONIC","攻撃","フェイント","銅",30,0,0,0,"","",""
39,3,"RPG田中龍之介ICONIC","攻撃","クロス","銅",27,0,0,0,"","",""
46,3,"ユニフォーム菅原考支ICONIC","攻撃","フェイント","銅",24,0,0,0,"","",""
47,3,"プール掃除菅原考支ICONIC","攻撃","フェイント","銅",24,0,0,0,"","",""
48,3,"文化祭菅原考支ICONIC","攻撃","フェイント","銅",24,0,0,0,"","",""
49,3,"梅雨菅原考支ICONIC","攻撃","フェイント","銅",24,0,0,0,"","",""
51,4,"ユニフォーム東峰旭ICONIC","攻撃","フェイント","銅",23,0,0,0,"","",""
52,4,"プール掃除東峰旭ICONIC","攻撃","フェイント","銅",21,0,0,0,"","",""
53,4,"サバゲ東峰旭ICONIC","攻撃","フェイント","銅",23,0,0,0,"","",""
54,4,"ユニフォーム東峰旭YELL","攻撃","フェイント","銅",23,0,0,0,"","",""
62,3,"ユニフォーム孤爪研磨ICONIC","攻撃","フェイント","銅",29,0,0,0,"","",""
64,3,"夏祭り孤爪研磨ICONIC","攻撃","フェイント","銅",29,0,0,0,"","",""
65,3,"1周年孤爪研磨ICONIC","攻撃","フェイント","銅",29,0,0,0,"","",""
66,3,"スパイ孤爪研磨ICONIC","攻撃","フェイント","銅",27,0,0,0,"","",""
67,3,"Xmas2孤爪研磨ICONIC","攻撃","フェイント","銅",29,0,0,0,"","",""
68,3,"中学生孤爪研磨ICONIC","攻撃","フェイント","銅",29,0,0,0,"","",""
69,4,"ユニフォーム黒尾鉄朗ICONIC","攻撃","フェイント","銅",30,0,0,0,"","",""
70,4,"制服黒尾鉄朗ICONIC","攻撃","フェイント","銅",30,0,0,0,"","",""
71,4,"夏祭り黒尾鉄朗ICONIC","攻撃","フェイント","銅",30,0,0,0,"","",""
73,4,"キャンプ黒尾鉄朗ICONIC","攻撃","フェイント","銅",30,0,0,0,"","",""
75,4,"中学生黒尾鉄朗ICONIC","攻撃","フェイント","銅",32,0,0,0,"","",""
85,3,"ユニフォーム福永招平ICONIC","攻撃","フェイント","銅",12,0,0,0,"","",""
87,3,"アート2福永招平ICONIC","攻撃","フェイント","銅",30,0,0,0,"","",""
95,3,"ユニフォーム海信之YELL","攻撃","ブロックアウト","銅",31,0,0,0,"","",""
95,4,"ユニフォーム海信之YELL","攻撃","リバウンド","銅",34,0,0,0,"","",""
102,3,"ユニフォーム二口堅治ICONIC","攻撃","フェイント","銅",32,0,0,0,"","",""
103,3,"制服二口堅治ICONIC","攻撃","フェイント","銅",32,0,0,0,"","",""
104,3,"プール掃除二口堅治ICONIC","攻撃","フェイント","銅",32,0,0,0,"","",""
104,4,"プール掃除二口堅治ICONIC","攻撃","ブロックアウト","銅",35,0,0,0,"","",""
106,3,"甲冑二口堅治ICONIC","攻撃","フェイント","銅",32,0,0,0,"","",""
106,4,"甲冑二口堅治ICONIC","攻撃","ブロックアウト","銅",35,0,0,0,"","",""
122,3,"ユニフォーム及川徹ICONIC","攻撃","フェイント","銅",33,0,0,0,"","",""
123,3,"プール掃除及川徹ICONIC","攻撃","フェイント","銅",33,0,0,0,"","",""
124,3,"Xmas及川徹ICONIC","攻撃","フェイント","銅",33,0,0,0,"","",""
126,3,"路地裏及川徹ICONIC","攻撃","フェイント","銅",33,0,0,0,"","",""
127,3,"バカンス及川徹ICONIC","攻撃","フェイント","銅",33,0,0,0,"","",""
132,4,"サバゲ岩泉一ICONIC","攻撃","フェイント","銅",28,0,0,0,"","",""
145,4,"中学生国見英ICONIC","攻撃","フェイント","銅",36,0,0,0,"","",""
153,4,"妖花巻貴大ICONIC","攻撃","フェイント","銅",36,0,0,0,"","",""
261,3,"ユニフォーム角名倫太郎ICONIC","攻撃","フェイント","銅",34,0,0,0,"","",""
262,3,"サバゲ角名倫太郎ICONIC","攻撃","フェイント","銅",34,0,0,0,"","",""
263,3,"花火角名倫太郎ICONIC","攻撃","フェイント","銅",34,0,0,0,"","",""
264,3,"路地裏2角名倫太郎ICONIC","攻撃","フェイント","銅",34,0,0,0,"","",""
275,3,"ユニフォーム理石平介ICONIC","攻撃","クロス","銅",35,0,0,0,"","",""
278,5,"ユニフォーム木兎光太郎ICONIC","攻撃","フェイント","銅",33,0,0,0,"","",""
278,6,"ユニフォーム木兎光太郎ICONIC","攻撃","リバウンド","銅",33,0,0,0,"","",""
279,5,"夏祭り木兎光太郎ICONIC","攻撃","フェイント","銅",33,0,0,0,"","",""
279,6,"夏祭り木兎光太郎ICONIC","攻撃","リバウンド","銅",33,0,0,0,"","",""
281,6,"制服木兎光太郎ICONIC","攻撃","リバウンド","銅",33,0,0,0,"","",""
283,5,"2周年木兎光太郎ICONIC","攻撃","フェイント","銅",33,0,0,0,"","",""
283,6,"2周年木兎光太郎ICONIC","攻撃","リバウンド","銅",33,0,0,0,"","",""
306,3,"ユニフォーム舞子侑志ICONIC","攻撃","ストレート","銅",29,0,0,0,"","",""
307,3,"ユニフォーム寺泊基希ICONIC","攻撃","ストレート","銅",35,0,0,0,"","",""
308,4,"ユニフォーム星海光来ICONIC","攻撃","フェイント","銅",36,0,0,0,"","",""
309,4,"文化祭星海光来ICONIC","攻撃","フェイント","銅",36,0,0,0,"","",""
310,4,"サバゲ星海光来ICONIC","攻撃","フェイント","銅",36,0,0,0,"","",""
311,4,"花火星海光来ICONIC","攻撃","フェイント","銅",36,0,0,0,"","",""
312,4,"新年2星海光来ICONIC","攻撃","フェイント","銅",36,0,0,0,"","",""
328,3,"ユニフォーム高千穂恵也ICONIC","攻撃","クロス","銅",36,0,0,0,"","",""
8,1,"ユニフォーム影山飛雄ICONIC","攻撃","スパイク","銅",31,0,0,0,"","",""
9,1,"制服影山飛雄ICONIC","攻撃","スパイク","銅",31,0,0,0,"","",""
10,1,"夏祭り影山飛雄ICONIC","攻撃","スパイク","銅",31,0,0,0,"","",""
11,1,"Xmas影山飛雄ICONIC","攻撃","スパイク","銅",31,0,0,0,"","",""
13,1,"王冠影山飛雄ICONIC","攻撃","スパイク","銅",31,0,0,0,"","",""
14,1,"ジャージ影山飛雄ICONIC","攻撃","スパイク","銅",31,0,0,0,"","",""
15,1,"2周年影山飛雄ICONIC","攻撃","スパイク","銅",31,0,0,0,"","",""
17,1,"ユニフォーム月島蛍ICONIC","攻撃","スパイク","銅",25,0,0,0,"","",""
18,1,"水着月島蛍ICONIC","攻撃","スパイク","銅",25,0,0,0,"","",""
21,1,"花火月島蛍ICONIC","攻撃","スパイク","銅",25,0,0,0,"","",""
23,1,"2周年月島蛍ICONIC","攻撃","スパイク","銅",25,0,0,0,"","",""
25,1,"ユニフォーム山口忠ICONIC","攻撃","スパイク","銅",22,0,0,0,"","",""
26,1,"水着山口忠ICONIC","攻撃","スパイク","銅",22,0,0,0,"","",""
27,1,"雪遊び山口忠ICONIC","攻撃","スパイク","銅",20,0,0,0,"","",""
28,1,"スパイ山口忠ICONIC","攻撃","スパイク","銅",22,0,0,0,"","",""
41,1,"ユニフォーム澤村大地ICONIC","攻撃","スパイク","銅",25,0,0,0,"","",""
42,1,"プール掃除澤村大地ICONIC","攻撃","スパイク","銅",25,0,0,0,"","",""
44,1,"RPG澤村大地ICONIC","攻撃","スパイク","銅",25,0,0,0,"","",""
46,1,"ユニフォーム菅原考支ICONIC","攻撃","スパイク","銅",21,0,0,0,"","",""
47,1,"プール掃除菅原考支ICONIC","攻撃","スパイク","銅",21,0,0,0,"","",""
48,1,"文化祭菅原考支ICONIC","攻撃","スパイク","銅",21,0,0,0,"","",""
49,1,"梅雨菅原考支ICONIC","攻撃","スパイク","銅",21,0,0,0,"","",""
61,1,"ユニフォーム成田一仁ICONIC","攻撃","スパイク","銅",24,0,0,0,"","",""
64,1,"夏祭り孤爪研磨ICONIC","攻撃","スパイク","銅",28,0,0,0,"","",""
67,1,"Xmas2孤爪研磨ICONIC","攻撃","スパイク","銅",25,0,0,0,"","",""
68,1,"中学生孤爪研磨ICONIC","攻撃","スパイク","銅",28,0,0,0,"","",""
76,1,"ユニフォーム灰羽リエーフICONIC","攻撃","スパイク","銅",30,0,0,0,"","",""
88,1,"ユニフォーム犬岡走ICONIC","攻撃","スパイク","銅",25,0,0,0,"","",""
95,1,"ユニフォーム海信之YELL","攻撃","スパイク","銅",28,0,0,0,"","",""
96,1,"ユニフォーム手白球彦ICONIC","攻撃","スパイク","銅",26,0,0,0,"","",""
97,1,"ユニフォーム青根高伸ICONIC","攻撃","スパイク","銅",28,0,0,0,"","",""
98,1,"制服青根高伸ICONIC","攻撃","スパイク","銅",28,0,0,0,"","",""
106,1,"甲冑二口堅治ICONIC","攻撃","スパイク","銅",30,0,0,0,"","",""
109,1,"ユニフォーム黄金川貫至ICONIC","攻撃","スパイク","銅",27,0,0,0,"","",""
110,1,"制服黄金川貫至ICONIC","攻撃","スパイク","銅",27,0,0,0,"","",""
112,1,"スパイ黄金川貫至ICONIC","攻撃","スパイク","銅",27,0,0,0,"","",""
117,1,"ユニフォーム吹上仁悟ICONIC","攻撃","スパイク","銅",27,0,0,0,"","",""
118,1,"ユニフォーム茂庭要ICONIC","攻撃","スパイク","銅",26,0,0,0,"","",""
119,1,"ユニフォーム鎌先靖志ICONIC","攻撃","スパイク","銅",30,0,0,0,"","",""
120,1,"甲冑鎌先靖志ICONIC","攻撃","スパイク","銅",30,0,0,0,"","",""
122,1,"ユニフォーム及川徹ICONIC","攻撃","スパイク","銅",33,0,0,0,"","",""
123,1,"プール掃除及川徹ICONIC","攻撃","スパイク","銅",33,0,0,0,"","",""
124,1,"Xmas及川徹ICONIC","攻撃","スパイク","銅",33,0,0,0,"","",""
126,1,"路地裏及川徹ICONIC","攻撃","スパイク","銅",33,0,0,0,"","",""
127,1,"バカンス及川徹ICONIC","攻撃","スパイク","銅",33,0,0,0,"","",""
135,1,"ユニフォーム金田一勇太郎ICONIC","攻撃","スパイク","銅",28,0,0,0,"","",""
137,1,"カンフー金田一勇太郎ICONIC","攻撃","スパイク","銅",28,0,0,0,"","",""
145,1,"中学生国見英ICONIC","攻撃","スパイク","銅",30,0,0,0,"","",""
147,1,"ユニフォーム松川一静ICONIC","攻撃","スパイク","銅",27,0,0,0,"","",""
148,1,"アート松川一静ICONIC","攻撃","スパイク","銅",27,0,0,0,"","",""
149,1,"バカンス松川一静ICONIC","攻撃","スパイク","銅",27,0,0,0,"","",""
154,1,"ユニフォーム矢巾秀ICONIC","攻撃","スパイク","銅",28,0,0,0,"","",""
155,1,"キャンプ矢巾秀ICONIC","攻撃","スパイク","銅",28,0,0,0,"","",""
157,1,"ユニフォーム茶屋和馬ICONIC","攻撃","スパイク","銅",25,0,0,0,"","",""
160,1,"ユニフォーム芳賀良治ICONIC","攻撃","スパイク","銅",26,0,0,0,"","",""
161,1,"ユニフォーム渋谷陸斗ICONIC","攻撃","スパイク","銅",26,0,0,0,"","",""
164,1,"遊園地池尻隼人ICONIC","攻撃","スパイク","銅",27,0,0,0,"","",""
166,1,"ユニフォーム森岳歩ICONIC","攻撃","スパイク","銅",26,0,0,0,"","",""
169,1,"ユニフォーム子安颯真ICONIC","攻撃","スパイク","銅",27,0,0,0,"","",""
172,1,"ユニフォーム夏瀬伊吹ICONIC","攻撃","スパイク","銅",27,0,0,0,"","",""
173,1,"ユニフォーム秋宮昇ICONIC","攻撃","スパイク","銅",26,0,0,0,"","",""
174,1,"ユニフォーム古牧譲ICONIC","攻撃","スパイク","銅",27,0,0,0,"","",""
175,1,"雪遊び古牧譲ICONIC","攻撃","スパイク","銅",27,0,0,0,"","",""
178,1,"ユニフォーム湯川良明ICONIC","攻撃","スパイク","銅",27,0,0,0,"","",""
180,1,"ユニフォーム馬門英治ICONIC","攻撃","スパイク","銅",27,0,0,0,"","",""
188,1,"ユニフォーム母畑和馬ICONIC","攻撃","スパイク","銅",27,0,0,0,"","",""
190,1,"ユニフォーム二岐丈晴ICONIC","攻撃","スパイク","銅",27,0,0,0,"","",""
191,1,"制服二岐丈晴ICONIC","攻撃","スパイク","銅",27,0,0,0,"","",""
193,1,"ユニフォーム飯坂信義ICONIC","攻撃","スパイク","銅",27,0,0,0,"","",""
199,1,"ユニフォーム花山一雅ICONIC","攻撃","スパイク","銅",31,0,0,0,"","",""
200,1,"ユニフォーム鳴子哲平ICONIC","攻撃","スパイク","銅",26,0,0,0,"","",""
202,1,"ユニフォーム松島剛ICONIC","攻撃","スパイク","銅",25,0,0,0,"","",""
227,1,"バカンス白布賢二郎ICONIC","攻撃","スパイク","銅",24,0,0,0,"","",""
228,1,"路地裏2白布賢二郎ICONIC","攻撃","スパイク","銅",24,0,0,0,"","",""
230,1,"ユニフォーム川西太一ICONIC","攻撃","スパイク","銅",33,0,0,0,"","",""
231,1,"路地裏川西太一ICONIC","攻撃","スパイク","銅",33,0,0,0,"","",""
234,1,"バカンス瀬見英太ICONIC","攻撃","スパイク","銅",25,0,0,0,"","",""
239,1,"ユニフォーム仙石伸吾ICONIC","攻撃","スパイク","銅",26,0,0,0,"","",""
241,1,"ユニフォーム七沢健吾ICONIC","攻撃","スパイク","銅",24,0,0,0,"","",""
242,1,"ユニフォーム伊勢原裕次ICONIC","攻撃","スパイク","銅",26,0,0,0,"","",""
247,1,"ユニフォーム児玉勝ICONIC","攻撃","スパイク","銅",30,0,0,0,"","",""
248,1,"ユニフォーム名栗翔太ICONIC","攻撃","スパイク","銅",27,0,0,0,"","",""
250,1,"ユニフォーム吉川和孝ICONIC","攻撃","スパイク","銅",26,0,0,0,"","",""
251,1,"ユニフォーム宮侑ICONIC","攻撃","スパイク","銅",27,0,0,0,"","",""
252,1,"文化祭宮侑ICONIC","攻撃","スパイク","銅",27,0,0,0,"","",""
253,1,"RPG宮侑ICONIC","攻撃","スパイク","銅",27,0,0,0,"","",""
255,1,"新年2宮侑ICONIC","攻撃","スパイク","銅",27,0,0,0,"","",""
256,1,"サバゲ2宮侑ICONIC","攻撃","スパイク","銅",27,0,0,0,"","",""
275,1,"ユニフォーム理石平介ICONIC","攻撃","スパイク","銅",33,0,0,0,"","",""
292,1,"ユニフォーム尾長渉ICONIC","攻撃","スパイク","銅",27,0,0,0,"","",""
293,1,"ユニフォーム鷲尾辰生ICONIC","攻撃","スパイク","銅",30,0,0,0,"","",""
294,1,"ユニフォーム赤葦京治ICONIC","攻撃","スパイク","銅",28,0,0,0,"","",""
295,1,"夏祭り赤葦京治ICONIC","攻撃","スパイク","銅",28,0,0,0,"","",""
296,1,"制服赤葦京治ICONIC","攻撃","スパイク","銅",28,0,0,0,"","",""
297,1,"バーガー赤葦京治ICONIC","攻撃","スパイク","銅",28,0,0,0,"","",""
298,1,"仮装赤葦京治ICONIC","攻撃","スパイク","銅",28,0,0,0,"","",""
299,1,"妖赤葦京治ICONIC","攻撃","スパイク","銅",28,0,0,0,"","",""
302,1,"ユニフォーム当間義友ICONIC","攻撃","スパイク","銅",27,0,0,0,"","",""
303,1,"ユニフォーム越後栄ICONIC","攻撃","スパイク","銅",27,0,0,0,"","",""
313,1,"ユニフォーム昼神幸郎ICONIC","攻撃","スパイク","銅",27,0,0,0,"","",""
315,1,"職業体験2昼神幸郎ICONIC","攻撃","スパイク","銅",27,0,0,0,"","",""
316,1,"ユニフォーム佐久早聖臣ICONIC","攻撃","スパイク","銅",36,0,0,0,"","",""
318,1,"新年2佐久早聖臣ICONIC","攻撃","スパイク","銅",36,0,0,0,"","",""
328,1,"ユニフォーム高千穂恵也ICONIC","攻撃","スパイク","銅",34,0,0,0,"","",""
329,1,"ユニフォーム広尾倖児ICONIC","攻撃","スパイク","銅",26,0,0,0,"","",""
330,1,"カンフー広尾倖児ICONIC","攻撃","スパイク","銅",26,0,0,0,"","",""
331,1,"ユニフォーム先島伊澄ICONIC","攻撃","スパイク","銅",27,0,0,0,"","",""
332,1,"ユニフォーム背黒晃彦ICONIC","攻撃","スパイク","銅",31,0,0,0,"","",""
1,2,"ユニフォーム日向翔陽ICONIC","攻撃","速攻","銅",29,0,0,0,"","",""
2,2,"制服日向翔陽ICONIC","攻撃","速攻","銅",29,0,0,0,"","",""
3,2,"夏祭り日向翔陽ICONIC","攻撃","速攻","銅",29,0,0,0,"","",""
4,2,"1周年日向翔陽ICONIC","攻撃","速攻","銅",29,0,0,0,"","",""
5,2,"王冠日向翔陽ICONIC","攻撃","速攻","銅",29,0,0,0,"","",""
6,2,"ジャージ日向翔陽ICONIC","攻撃","速攻","銅",29,0,0,0,"","",""
7,2,"遊園地日向翔陽ICONIC","攻撃","速攻","銅",29,0,0,0,"","",""
8,2,"ユニフォーム影山飛雄ICONIC","攻撃","速攻","銅",27,0,0,0,"","",""
9,2,"制服影山飛雄ICONIC","攻撃","速攻","銅",27,0,0,0,"","",""
10,2,"夏祭り影山飛雄ICONIC","攻撃","速攻","銅",27,0,0,0,"","",""
11,2,"Xmas影山飛雄ICONIC","攻撃","速攻","銅",27,0,0,0,"","",""
13,2,"王冠影山飛雄ICONIC","攻撃","速攻","銅",27,0,0,0,"","",""
14,2,"ジャージ影山飛雄ICONIC","攻撃","速攻","銅",27,0,0,0,"","",""
15,2,"2周年影山飛雄ICONIC","攻撃","速攻","銅",27,0,0,0,"","",""
17,2,"ユニフォーム月島蛍ICONIC","攻撃","速攻","銅",23,0,0,0,"","",""
18,2,"水着月島蛍ICONIC","攻撃","速攻","銅",23,0,0,0,"","",""
20,2,"1周年月島蛍ICONIC","攻撃","速攻","銅",23,0,0,0,"","",""
21,2,"花火月島蛍ICONIC","攻撃","速攻","銅",23,0,0,0,"","",""
25,2,"ユニフォーム山口忠ICONIC","攻撃","速攻","銅",21,0,0,0,"","",""
26,2,"水着山口忠ICONIC","攻撃","速攻","銅",21,0,0,0,"","",""
27,2,"雪遊び山口忠ICONIC","攻撃","速攻","銅",19,0,0,0,"","",""
28,2,"スパイ山口忠ICONIC","攻撃","速攻","銅",21,0,0,0,"","",""
36,2,"ユニフォーム田中龍之介ICONIC","攻撃","速攻","銅",27,0,0,0,"","",""
39,2,"RPG田中龍之介ICONIC","攻撃","速攻","銅",27,0,0,0,"","",""
41,2,"ユニフォーム澤村大地ICONIC","攻撃","速攻","銅",25,0,0,0,"","",""
42,2,"プール掃除澤村大地ICONIC","攻撃","速攻","銅",25,0,0,0,"","",""
43,2,"文化祭澤村大地ICONIC","攻撃","速攻","銅",25,0,0,0,"","",""
44,2,"RPG澤村大地ICONIC","攻撃","速攻","銅",25,0,0,0,"","",""
46,2,"ユニフォーム菅原考支ICONIC","攻撃","速攻","銅",21,0,0,0,"","",""
47,2,"プール掃除菅原考支ICONIC","攻撃","速攻","銅",21,0,0,0,"","",""
48,2,"文化祭菅原考支ICONIC","攻撃","速攻","銅",21,0,0,0,"","",""
49,2,"梅雨菅原考支ICONIC","攻撃","速攻","銅",21,0,0,0,"","",""
51,2,"ユニフォーム東峰旭ICONIC","攻撃","速攻","銅",23,0,0,0,"","",""
52,2,"プール掃除東峰旭ICONIC","攻撃","速攻","銅",21,0,0,0,"","",""
53,2,"サバゲ東峰旭ICONIC","攻撃","速攻","銅",23,0,0,0,"","",""
54,2,"ユニフォーム東峰旭YELL","攻撃","速攻","銅",23,0,0,0,"","",""
55,2,"ユニフォーム縁下力ICONIC","攻撃","速攻","銅",22,0,0,0,"","",""
57,2,"RPG縁下力ICONIC","攻撃","速攻","銅",22,0,0,0,"","",""
59,2,"ユニフォーム木下久志ICONIC","攻撃","速攻","銅",22,0,0,0,"","",""
60,2,"妖木下久志ICONIC","攻撃","速攻","銅",22,0,0,0,"","",""
61,2,"ユニフォーム成田一仁ICONIC","攻撃","速攻","銅",21,0,0,0,"","",""
62,2,"ユニフォーム孤爪研磨ICONIC","攻撃","速攻","銅",22,0,0,0,"","",""
63,2,"制服孤爪研磨ICONIC","攻撃","速攻","銅",22,0,0,0,"","",""
64,2,"夏祭り孤爪研磨ICONIC","攻撃","速攻","銅",22,0,0,0,"","",""
65,2,"1周年孤爪研磨ICONIC","攻撃","速攻","銅",22,0,0,0,"","",""
66,2,"スパイ孤爪研磨ICONIC","攻撃","速攻","銅",22,0,0,0,"","",""
67,2,"Xmas2孤爪研磨ICONIC","攻撃","速攻","銅",22,0,0,0,"","",""
68,2,"中学生孤爪研磨ICONIC","攻撃","速攻","銅",28,0,0,0,"","",""
69,2,"ユニフォーム黒尾鉄朗ICONIC","攻撃","速攻","銅",28,0,0,0,"","",""
70,2,"制服黒尾鉄朗ICONIC","攻撃","速攻","銅",28,0,0,0,"","",""
76,2,"ユニフォーム灰羽リエーフICONIC","攻撃","速攻","銅",30,0,0,0,"","",""
79,2,"文化祭2灰羽リエーフICONIC","攻撃","速攻","銅",30,0,0,0,"","",""
88,2,"ユニフォーム犬岡走ICONIC","攻撃","速攻","銅",25,0,0,0,"","",""
95,2,"ユニフォーム海信之YELL","攻撃","速攻","銅",27,0,0,0,"","",""
96,2,"ユニフォーム手白球彦ICONIC","攻撃","速攻","銅",26,0,0,0,"","",""
97,2,"ユニフォーム青根高伸ICONIC","攻撃","速攻","銅",28,0,0,0,"","",""
98,2,"制服青根高伸ICONIC","攻撃","速攻","銅",28,0,0,0,"","",""
100,2,"キャンプ青根高伸ICONIC","攻撃","速攻","銅",28,0,0,0,"","",""
106,2,"甲冑二口堅治ICONIC","攻撃","速攻","銅",30,0,0,0,"","",""
109,2,"ユニフォーム黄金川貫至ICONIC","攻撃","速攻","銅",27,0,0,0,"","",""
110,2,"制服黄金川貫至ICONIC","攻撃","速攻","銅",27,0,0,0,"","",""
111,2,"職業体験黄金川貫至ICONIC","攻撃","速攻","銅",27,0,0,0,"","",""
112,2,"スパイ黄金川貫至ICONIC","攻撃","速攻","銅",27,0,0,0,"","",""
117,2,"ユニフォーム吹上仁悟ICONIC","攻撃","速攻","銅",25,0,0,0,"","",""
118,2,"ユニフォーム茂庭要ICONIC","攻撃","速攻","銅",26,0,0,0,"","",""
119,2,"ユニフォーム鎌先靖志ICONIC","攻撃","速攻","銅",30,0,0,0,"","",""
120,2,"甲冑鎌先靖志ICONIC","攻撃","速攻","銅",30,0,0,0,"","",""
122,2,"ユニフォーム及川徹ICONIC","攻撃","速攻","銅",33,0,0,0,"","",""
123,2,"プール掃除及川徹ICONIC","攻撃","速攻","銅",33,0,0,0,"","",""
124,2,"Xmas及川徹ICONIC","攻撃","速攻","銅",33,0,0,0,"","",""
126,2,"路地裏及川徹ICONIC","攻撃","速攻","銅",33,0,0,0,"","",""
127,2,"バカンス及川徹ICONIC","攻撃","速攻","銅",33,0,0,0,"","",""
132,2,"サバゲ岩泉一ICONIC","攻撃","速攻","銅",28,0,0,0,"","",""
135,2,"ユニフォーム金田一勇太郎ICONIC","攻撃","速攻","銅",27,0,0,0,"","",""
137,2,"カンフー金田一勇太郎ICONIC","攻撃","速攻","銅",27,0,0,0,"","",""
147,2,"ユニフォーム松川一静ICONIC","攻撃","速攻","銅",25,0,0,0,"","",""
148,2,"アート松川一静ICONIC","攻撃","速攻","銅",25,0,0,0,"","",""
149,2,"バカンス松川一静ICONIC","攻撃","速攻","銅",25,0,0,0,"","",""
154,2,"ユニフォーム矢巾秀ICONIC","攻撃","速攻","銅",28,0,0,0,"","",""
155,2,"キャンプ矢巾秀ICONIC","攻撃","速攻","銅",28,0,0,0,"","",""
157,2,"ユニフォーム茶屋和馬ICONIC","攻撃","速攻","銅",23,0,0,0,"","",""
160,2,"ユニフォーム芳賀良治ICONIC","攻撃","速攻","銅",26,0,0,0,"","",""
161,2,"ユニフォーム渋谷陸斗ICONIC","攻撃","速攻","銅",24,0,0,0,"","",""
164,2,"遊園地池尻隼人ICONIC","攻撃","速攻","銅",27,0,0,0,"","",""
166,2,"ユニフォーム森岳歩ICONIC","攻撃","速攻","銅",24,0,0,0,"","",""
169,2,"ユニフォーム子安颯真ICONIC","攻撃","速攻","銅",27,0,0,0,"","",""
170,2,"サバゲ2子安颯真ICONIC","攻撃","速攻","銅",25,0,0,0,"","",""
172,2,"ユニフォーム夏瀬伊吹ICONIC","攻撃","速攻","銅",27,0,0,0,"","",""
173,2,"ユニフォーム秋宮昇ICONIC","攻撃","速攻","銅",26,0,0,0,"","",""
174,2,"ユニフォーム古牧譲ICONIC","攻撃","速攻","銅",27,0,0,0,"","",""
175,2,"雪遊び古牧譲ICONIC","攻撃","速攻","銅",27,0,0,0,"","",""
178,2,"ユニフォーム湯川良明ICONIC","攻撃","速攻","銅",25,0,0,0,"","",""
180,2,"ユニフォーム馬門英治ICONIC","攻撃","速攻","銅",25,0,0,0,"","",""
181,2,"ユニフォーム百沢雄大ICONIC","攻撃","速攻","銅",12,0,0,0,"","",""
182,2,"職業体験百沢雄大ICONIC","攻撃","速攻","銅",12,0,0,0,"","",""
188,2,"ユニフォーム母畑和馬ICONIC","攻撃","速攻","銅",25,0,0,0,"","",""
190,2,"ユニフォーム二岐丈晴ICONIC","攻撃","速攻","銅",27,0,0,0,"","",""
191,2,"制服二岐丈晴ICONIC","攻撃","速攻","銅",27,0,0,0,"","",""
193,2,"ユニフォーム飯坂信義ICONIC","攻撃","速攻","銅",25,0,0,0,"","",""
197,2,"スパイ中島猛ICONIC","攻撃","速攻","銅",30,0,0,0,"","",""
199,2,"ユニフォーム花山一雅ICONIC","攻撃","速攻","銅",26,0,0,0,"","",""
200,2,"ユニフォーム鳴子哲平ICONIC","攻撃","速攻","銅",24,0,0,0,"","",""
202,2,"ユニフォーム松島剛ICONIC","攻撃","速攻","銅",23,0,0,0,"","",""
212,2,"ユニフォーム天童覚ICONIC","攻撃","速攻","銅",32,0,0,0,"","",""
213,2,"水着天童覚ICONIC","攻撃","速攻","銅",32,0,0,0,"","",""
214,2,"文化祭天童覚ICONIC","攻撃","速攻","銅",32,0,0,0,"","",""
215,2,"制服天童覚ICONIC","攻撃","速攻","銅",32,0,0,0,"","",""
217,2,"遊園地天童覚ICONIC","攻撃","速攻","銅",32,0,0,0,"","",""
227,2,"バカンス白布賢二郎ICONIC","攻撃","速攻","銅",24,0,0,0,"","",""
228,2,"路地裏2白布賢二郎ICONIC","攻撃","速攻","銅",24,0,0,0,"","",""
230,2,"ユニフォーム川西太一ICONIC","攻撃","速攻","銅",29,0,0,0,"","",""
231,2,"路地裏川西太一ICONIC","攻撃","速攻","銅",29,0,0,0,"","",""
234,2,"バカンス瀬見英太ICONIC","攻撃","速攻","銅",25,0,0,0,"","",""
239,2,"ユニフォーム仙石伸吾ICONIC","攻撃","速攻","銅",26,0,0,0,"","",""
241,2,"ユニフォーム七沢健吾ICONIC","攻撃","速攻","銅",24,0,0,0,"","",""
242,2,"ユニフォーム伊勢原裕次ICONIC","攻撃","速攻","銅",24,0,0,0,"","",""
247,2,"ユニフォーム児玉勝ICONIC","攻撃","速攻","銅",30,0,0,0,"","",""
248,2,"ユニフォーム名栗翔太ICONIC","攻撃","速攻","銅",27,0,0,0,"","",""
250,2,"ユニフォーム吉川和孝ICONIC","攻撃","速攻","銅",24,0,0,0,"","",""
251,2,"ユニフォーム宮侑ICONIC","攻撃","速攻","銅",26,0,0,0,"","",""
252,2,"文化祭宮侑ICONIC","攻撃","速攻","銅",26,0,0,0,"","",""
253,2,"RPG宮侑ICONIC","攻撃","速攻","銅",26,0,0,0,"","",""
255,2,"新年2宮侑ICONIC","攻撃","速攻","銅",26,0,0,0,"","",""
256,2,"サバゲ2宮侑ICONIC","攻撃","速攻","銅",26,0,0,0,"","",""
261,2,"ユニフォーム角名倫太郎ICONIC","攻撃","速攻","銅",32,0,0,0,"","",""
263,2,"花火角名倫太郎ICONIC","攻撃","速攻","銅",32,0,0,0,"","",""
264,2,"路地裏2角名倫太郎ICONIC","攻撃","速攻","銅",32,0,0,0,"","",""
265,2,"ユニフォーム北信介ICONIC","攻撃","速攻","銅",33,0,0,0,"","",""
266,2,"Xmas北信介ICONIC","攻撃","速攻","銅",33,0,0,0,"","",""
267,2,"スパイ北信介ICONIC","攻撃","速攻","銅",33,0,0,0,"","",""
274,2,"ユニフォーム大耳練ICONIC","攻撃","速攻","銅",30,0,0,0,"","",""
275,2,"ユニフォーム理石平介ICONIC","攻撃","速攻","銅",33,0,0,0,"","",""
278,2,"ユニフォーム木兎光太郎ICONIC","攻撃","速攻","銅",33,0,0,0,"","",""
281,2,"制服木兎光太郎ICONIC","攻撃","速攻","銅",33,0,0,0,"","",""
283,2,"2周年木兎光太郎ICONIC","攻撃","速攻","銅",33,0,0,0,"","",""
286,2,"梅雨木葉秋紀ICONIC","攻撃","速攻","銅",30,0,0,0,"","",""
287,2,"路地裏2木葉秋紀ICONIC","攻撃","速攻","銅",30,0,0,0,"","",""
288,2,"水着2木葉秋紀ICONIC","攻撃","速攻","銅",30,0,0,0,"","",""
292,2,"ユニフォーム尾長渉ICONIC","攻撃","速攻","銅",27,0,0,0,"","",""
293,2,"ユニフォーム鷲尾辰生ICONIC","攻撃","速攻","銅",30,0,0,0,"","",""
294,2,"ユニフォーム赤葦京治ICONIC","攻撃","速攻","銅",27,0,0,0,"","",""
295,2,"夏祭り赤葦京治ICONIC","攻撃","速攻","銅",27,0,0,0,"","",""
296,2,"制服赤葦京治ICONIC","攻撃","速攻","銅",27,0,0,0,"","",""
297,2,"バーガー赤葦京治ICONIC","攻撃","速攻","銅",27,0,0,0,"","",""
298,2,"仮装赤葦京治ICONIC","攻撃","速攻","銅",27,0,0,0,"","",""
299,2,"妖赤葦京治ICONIC","攻撃","速攻","銅",27,0,0,0,"","",""
302,2,"ユニフォーム当間義友ICONIC","攻撃","速攻","銅",27,0,0,0,"","",""
303,2,"ユニフォーム越後栄ICONIC","攻撃","速攻","銅",27,0,0,0,"","",""
306,2,"ユニフォーム舞子侑志ICONIC","攻撃","速攻","銅",25,0,0,0,"","",""
308,2,"ユニフォーム星海光来ICONIC","攻撃","速攻","銅",33,0,0,0,"","",""
309,2,"文化祭星海光来ICONIC","攻撃","速攻","銅",33,0,0,0,"","",""
310,2,"サバゲ星海光来ICONIC","攻撃","速攻","銅",33,0,0,0,"","",""
311,2,"花火星海光来ICONIC","攻撃","速攻","銅",33,0,0,0,"","",""
313,2,"ユニフォーム昼神幸郎ICONIC","攻撃","速攻","銅",27,0,0,0,"","",""
315,2,"職業体験2昼神幸郎ICONIC","攻撃","速攻","銅",27,0,0,0,"","",""
316,2,"ユニフォーム佐久早聖臣ICONIC","攻撃","速攻","銅",33,0,0,0,"","",""
318,2,"新年2佐久早聖臣ICONIC","攻撃","速攻","銅",33,0,0,0,"","",""
328,2,"ユニフォーム高千穂恵也ICONIC","攻撃","速攻","銅",34,0,0,0,"","",""
329,2,"ユニフォーム広尾倖児ICONIC","攻撃","速攻","銅",24,0,0,0,"","",""
330,2,"カンフー広尾倖児ICONIC","攻撃","速攻","銅",24,0,0,0,"","",""
331,2,"ユニフォーム先島伊澄ICONIC","攻撃","速攻","銅",27,0,0,0,"","",""
332,2,"ユニフォーム背黒晃彦ICONIC","攻撃","速攻","銅",31,0,0,0,"","",""
5,3,"王冠日向翔陽ICONIC","攻撃","ストレート","金",34,0,0,0,"","",""
12,3,"1周年影山飛雄ICONIC","攻撃","ストレート","金",37,0,0,0,"","",""
16,3,"中学生影山飛雄ICONIC","攻撃","ストレート","金",38,0,0,0,"","",""
17,3,"ユニフォーム月島蛍ICONIC","攻撃","フェイント","金",27,0,0,0,"","",""
18,3,"水着月島蛍ICONIC","攻撃","フェイント","金",27,0,0,0,"","",""
19,3,"職業体験月島蛍ICONIC","攻撃","フェイント","金",27,0,0,0,"","",""
20,3,"1周年月島蛍ICONIC","攻撃","フェイント","金",27,0,0,0,"","",""
21,3,"花火月島蛍ICONIC","攻撃","フェイント","金",27,0,0,0,"","",""
22,3,"ジャージ月島蛍ICONIC","攻撃","フェイント","金",28,0,0,0,"","",""
24,3,"アート2月島蛍ICONIC","攻撃","フェイント","金",29,0,0,0,"","",""
36,3,"ユニフォーム田中龍之介ICONIC","攻撃","クロス","金",33,0,0,0,"","",""
37,3,"制服田中龍之介ICONIC","攻撃","クロス","金",33,0,0,0,"","",""
38,3,"新年田中龍之介ICONIC","攻撃","ストレート","金",33,0,0,0,"","",""
40,3,"仮装田中龍之介ICONIC","攻撃","ストレート","金",33,0,0,0,"","",""
45,3,"新年2澤村大地ICONIC","攻撃","ストレート","金",34,0,0,0,"","",""
50,3,"Xmas2菅原考支ICONIC","攻撃","フェイント","金",31,0,0,0,"","",""
51,3,"ユニフォーム東峰旭ICONIC","攻撃","ストレート","金",31,0,0,0,"","",""
52,3,"プール掃除東峰旭ICONIC","攻撃","ストレート","金",29,0,0,0,"","",""
53,3,"サバゲ東峰旭ICONIC","攻撃","ストレート","金",31,0,0,0,"","",""
54,3,"ユニフォーム東峰旭YELL","攻撃","ストレート","金",31,0,0,0,"","",""
56,3,"探偵縁下力ICONIC","攻撃","フェイント","金",28,0,0,0,"","",""
58,3,"花火縁下力ICONIC","攻撃","フェイント","金",29,0,0,0,"","",""
59,3,"ユニフォーム木下久志ICONIC","攻撃","フェイント","金",28,0,0,0,"","",""
60,3,"妖木下久志ICONIC","攻撃","フェイント","金",28,0,0,0,"","",""
69,3,"ユニフォーム黒尾鉄朗ICONIC","攻撃","クロス","金",37,0,0,0,"","",""
70,3,"制服黒尾鉄朗ICONIC","攻撃","クロス","金",37,0,0,0,"","",""
71,3,"夏祭り黒尾鉄朗ICONIC","攻撃","クロス","金",37,0,0,0,"","",""
72,3,"1周年黒尾鉄朗ICONIC","攻撃","クロス","金",37,0,0,0,"","",""
73,3,"キャンプ黒尾鉄朗ICONIC","攻撃","クロス","金",37,0,0,0,"","",""
74,3,"文化祭2黒尾鉄朗ICONIC","攻撃","クロス","金",37,0,0,0,"","",""
75,3,"中学生黒尾鉄朗ICONIC","攻撃","クロス","金",38,0,0,0,"","",""
78,3,"路地裏灰羽リエーフICONIC","攻撃","ストレート","金",35,0,0,0,"","",""
80,3,"サバゲ2灰羽リエーフICONIC","攻撃","ストレート","金",36,0,0,0,"","",""
88,3,"ユニフォーム犬岡走ICONIC","攻撃","ストレート","金",38,0,0,0,"","",""
89,3,"新年犬岡走ICONIC","攻撃","ストレート","金",38,0,0,0,"","",""
90,3,"ユニフォーム山本猛虎ICONIC","攻撃","クロス","金",36,0,0,0,"","",""
91,3,"新年山本猛虎ICONIC","攻撃","クロス","金",36,0,0,0,"","",""
93,3,"ユニフォーム海信之ICONIC","攻撃","ブロックアウト","金",37,0,0,0,"","",""
94,3,"遊園地海信之ICONIC","攻撃","ブロックアウト","金",37,0,0,0,"","",""
97,3,"ユニフォーム青根高伸ICONIC","攻撃","ストレート","金",41,0,0,0,"","",""
98,3,"制服青根高伸ICONIC","攻撃","ストレート","金",41,0,0,0,"","",""
99,3,"プール掃除青根高伸ICONIC","攻撃","ストレート","金",41,0,0,0,"","",""
100,3,"キャンプ青根高伸ICONIC","攻撃","ストレート","金",41,0,0,0,"","",""
101,3,"甲冑青根高伸ICONIC","攻撃","ストレート","金",42,0,0,0,"","",""
113,3,"ユニフォーム小原豊ICONIC","攻撃","ストレート","金",37,0,0,0,"","",""
114,3,"ユニフォーム女川太郎ICONIC","攻撃","ストレート","金",39,0,0,0,"","",""
121,3,"ユニフォーム笹谷武仁ICONIC","攻撃","クロス","金",38,0,0,0,"","",""
129,3,"ユニフォーム岩泉一ICONIC","攻撃","クロス","金",39,0,0,0,"","",""
130,3,"プール掃除岩泉一ICONIC","攻撃","クロス","金",39,0,0,0,"","",""
131,3,"制服岩泉一ICONIC","攻撃","クロス","金",39,0,0,0,"","",""
134,3,"路地裏2岩泉一ICONIC","攻撃","クロス","金",40,0,0,0,"","",""
139,3,"ユニフォーム京谷賢太郎ICONIC","攻撃","クロス","金",37,0,0,0,"","",""
140,3,"梅雨京谷賢太郎ICONIC","攻撃","クロス","金",38,0,0,0,"","",""
141,3,"ユニフォーム国見英ICONIC","攻撃","ストレート","金",32,0,0,0,"","",""
142,3,"職業体験国見英ICONIC","攻撃","ストレート","金",32,0,0,0,"","",""
143,3,"路地裏国見英ICONIC","攻撃","ストレート","金",32,0,0,0,"","",""
150,3,"ユニフォーム花巻貴大ICONIC","攻撃","ストレート","金",38,0,0,0,"","",""
151,3,"アート花巻貴大ICONIC","攻撃","ストレート","金",38,0,0,0,"","",""
152,3,"バーガー花巻貴大ICONIC","攻撃","ストレート","金",38,0,0,0,"","",""
156,3,"ユニフォーム駒木輝ICONIC","攻撃","リバウンド","金",41,0,0,0,"","",""
158,3,"ユニフォーム玉川弘樹ICONIC","攻撃","ブロックアウト","金",36,0,0,0,"","",""
162,3,"ユニフォーム池尻隼人ICONIC","攻撃","リバウンド","金",42,0,0,0,"","",""
163,3,"文化祭2池尻隼人ICONIC","攻撃","リバウンド","金",42,0,0,0,"","",""
165,3,"ユニフォーム十和田良樹ICONIC","攻撃","ブロックアウト","金",42,0,0,0,"","",""
167,3,"ユニフォーム唐松拓巳ICONIC","攻撃","クロス","金",42,0,0,0,"","",""
168,3,"ユニフォーム田沢裕樹ICONIC","攻撃","ストレート","金",42,0,0,0,"","",""
176,3,"ユニフォーム浅虫快人ICONIC","攻撃","ストレート","金",43,0,0,0,"","",""
179,3,"ユニフォーム稲垣功ICONIC","攻撃","ブロックアウト","金",43,0,0,0,"","",""
183,3,"ユニフォーム照島游児ICONIC","攻撃","フェイント","金",38,0,0,0,"","",""
184,3,"制服照島游児ICONIC","攻撃","フェイント","金",38,0,0,0,"","",""
186,3,"スパイ照島游児ICONIC","攻撃","ストレート","金",39,0,0,0,"","",""
187,3,"妖照島游児ICONIC","攻撃","フェイント","金",38,0,0,0,"","",""
192,3,"ユニフォーム沼尻凛太郎ICONIC","攻撃","フェイント","金",43,0,0,0,"","",""
194,3,"ユニフォーム東山勝道ICONIC","攻撃","クロス","金",43,0,0,0,"","",""
196,3,"ユニフォーム中島猛ICONIC","攻撃","ストレート","金",42,0,0,0,"","",""
197,3,"スパイ中島猛ICONIC","攻撃","ストレート","金",42,0,0,0,"","",""
198,3,"ユニフォーム白石優希ICONIC","攻撃","フェイント","金",41,0,0,0,"","",""
204,3,"ユニフォーム川渡瞬己ICONIC","攻撃","ブロックアウト","金",43,0,0,0,"","",""
205,3,"サバゲ2川渡瞬己ICONIC","攻撃","ブロックアウト","金",43,0,0,0,"","",""
206,3,"ユニフォーム牛島若利ICONIC","攻撃","クロス","金",45,0,0,0,"","",""
207,3,"水着牛島若利ICONIC","攻撃","クロス","金",45,0,0,0,"","",""
208,3,"新年牛島若利ICONIC","攻撃","クロス","金",45,0,0,0,"","",""
209,3,"制服牛島若利ICONIC","攻撃","クロス","金",45,0,0,0,"","",""
210,3,"文化祭2牛島若利ICONIC","攻撃","クロス","金",46,0,0,0,"","",""
211,3,"妖牛島若利ICONIC","攻撃","クロス","金",45,0,0,0,"","",""
218,3,"ユニフォーム五色工ICONIC","攻撃","ブロックアウト","金",45,0,0,0,"","",""
220,3,"制服五色工ICONIC","攻撃","ブロックアウト","金",45,0,0,0,"","",""
222,3,"Xmas2五色工ICONIC","攻撃","ブロックアウト","金",45,0,0,0,"","",""
223,3,"サバゲ2五色工ICONIC","攻撃","ブロックアウト","金",45,0,0,0,"","",""
238,3,"ユニフォーム芦谷洋平ICONIC","攻撃","フェイント","金",38,0,0,0,"","",""
243,3,"ユニフォーム湯河浩二ICONIC","攻撃","クロス","金",41,0,0,0,"","",""
244,3,"ユニフォーム千鹿谷栄吉ICONIC","攻撃","フェイント","金",40,0,0,0,"","",""
245,3,"ユニフォーム小鹿野大樹ICONIC","攻撃","ストレート","金",36,0,0,0,"","",""
247,3,"ユニフォーム児玉勝ICONIC","攻撃","フェイント","金",33,0,0,0,"","",""
249,3,"ユニフォーム島府典明ICONIC","攻撃","ストレート","金",36,0,0,0,"","",""
257,3,"ユニフォーム宮治ICONIC","攻撃","ストレート","金",41,0,0,0,"","",""
258,3,"RPG宮治ICONIC","攻撃","ストレート","金",41,0,0,0,"","",""
259,3,"カンフー宮治ICONIC","攻撃","ストレート","金",41,0,0,0,"","",""
260,3,"遊園地宮治ICONIC","攻撃","ストレート","金",41,0,0,0,"","",""
265,3,"ユニフォーム北信介ICONIC","攻撃","クロス","金",39,0,0,0,"","",""
266,3,"Xmas北信介ICONIC","攻撃","クロス","金",39,0,0,0,"","",""
268,3,"新年2北信介ICONIC","攻撃","クロス","金",40,0,0,0,"","",""
269,3,"職業体験2北信介ICONIC","攻撃","クロス","金",41,0,0,0,"","",""
270,3,"ユニフォーム尾白アランICONIC","攻撃","ストレート","金",42,0,0,0,"","",""
271,3,"雪遊び尾白アランICONIC","攻撃","ストレート","金",42,0,0,0,"","",""
276,3,"ユニフォーム銀島結ICONIC","攻撃","クロス","金",39,0,0,0,"","",""
277,3,"Xmas2銀島結ICONIC","攻撃","クロス","金",39,0,0,0,"","",""
278,3,"ユニフォーム木兎光太郎ICONIC","攻撃","ストレート","金",39,0,0,0,"","",""
279,3,"夏祭り木兎光太郎ICONIC","攻撃","ストレート","金",39,0,0,0,"","",""
280,3,"Xmas木兎光太郎ICONIC","攻撃","ストレート","金",39,0,0,0,"","",""
281,3,"制服木兎光太郎ICONIC","攻撃","ストレート","金",39,0,0,0,"","",""
282,3,"キャンプ木兎光太郎ICONIC","攻撃","ストレート","金",40,0,0,0,"","",""
284,3,"ユニフォーム木葉秋紀ICONIC","攻撃","フェイント","金",36,0,0,0,"","",""
285,3,"探偵木葉秋紀ICONIC","攻撃","フェイント","金",36,0,0,0,"","",""
286,3,"梅雨木葉秋紀ICONIC","攻撃","フェイント","金",36,0,0,0,"","",""
289,3,"ユニフォーム猿杙大和ICONIC","攻撃","フェイント","金",38,0,0,0,"","",""
305,3,"ユニフォーム丸山一喜ICONIC","攻撃","クロス","金",39,0,0,0,"","",""
308,3,"ユニフォーム星海光来ICONIC","攻撃","クロス","金",42,0,0,0,"","",""
309,3,"文化祭星海光来ICONIC","攻撃","クロス","金",42,0,0,0,"","",""
311,3,"花火星海光来ICONIC","攻撃","クロス","金",42,0,0,0,"","",""
312,3,"新年2星海光来ICONIC","攻撃","クロス","金",43,0,0,0,"","",""
316,3,"ユニフォーム佐久早聖臣ICONIC","攻撃","ストレート","金",39,0,0,0,"","",""
317,3,"サバゲ佐久早聖臣ICONIC","攻撃","ストレート","金",39,0,0,0,"","",""
318,3,"新年2佐久早聖臣ICONIC","攻撃","ストレート","金",39,0,0,0,"","",""
321,3,"ユニフォーム大将優ICONIC","攻撃","クロス","金",37,0,0,0,"","",""
322,3,"新年大将優ICONIC","攻撃","クロス","金",37,0,0,0,"","",""
324,3,"妖大将優ICONIC","攻撃","クロス","金",37,0,0,0,"","",""
326,3,"ユニフォーム潜尚保ICONIC","攻撃","ストレート","金",38,0,0,0,"","",""
327,3,"バーガー潜尚保ICONIC","攻撃","ストレート","金",38,0,0,0,"","",""
331,3,"ユニフォーム先島伊澄ICONIC","攻撃","フェイント","金",30,0,0,0,"","",""
16,2,"中学生影山飛雄ICONIC","攻撃","速攻","金",34,0,0,0,"","",""
22,2,"ジャージ月島蛍ICONIC","攻撃","速攻","金",29,0,0,0,"","",""
24,2,"アート2月島蛍ICONIC","攻撃","速攻","金",30,0,0,0,"","",""
29,2,"ジャージ山口忠ICONIC","攻撃","速攻","金",28,0,0,0,"","",""
40,2,"仮装田中龍之介ICONIC","攻撃","速攻","金",31,0,0,0,"","",""
45,2,"新年2澤村大地ICONIC","攻撃","速攻","金",32,0,0,0,"","",""
50,2,"Xmas2菅原考支ICONIC","攻撃","速攻","金",28,0,0,0,"","",""
74,2,"文化祭2黒尾鉄朗ICONIC","攻撃","速攻","金",35,0,0,0,"","",""
75,2,"中学生黒尾鉄朗ICONIC","攻撃","速攻","金",36,0,0,0,"","",""
80,2,"サバゲ2灰羽リエーフICONIC","攻撃","速攻","金",37,0,0,0,"","",""
85,2,"ユニフォーム福永招平ICONIC","攻撃","速攻","金",32,0,0,0,"","",""
86,2,"バーガー福永招平ICONIC","攻撃","速攻","金",32,0,0,0,"","",""
87,2,"アート2福永招平ICONIC","攻撃","速攻","金",32,0,0,0,"","",""
90,2,"ユニフォーム山本猛虎ICONIC","攻撃","速攻","金",35,0,0,0,"","",""
91,2,"新年山本猛虎ICONIC","攻撃","速攻","金",35,0,0,0,"","",""
93,2,"ユニフォーム海信之ICONIC","攻撃","速攻","金",33,0,0,0,"","",""
94,2,"遊園地海信之ICONIC","攻撃","速攻","金",33,0,0,0,"","",""
99,2,"プール掃除青根高伸ICONIC","攻撃","速攻","金",35,0,0,0,"","",""
102,2,"ユニフォーム二口堅治ICONIC","攻撃","速攻","金",36,0,0,0,"","",""
103,2,"制服二口堅治ICONIC","攻撃","速攻","金",36,0,0,0,"","",""
104,2,"プール掃除二口堅治ICONIC","攻撃","速攻","金",36,0,0,0,"","",""
105,2,"路地裏二口堅治ICONIC","攻撃","速攻","金",36,0,0,0,"","",""
108,2,"アート2二口堅治ICONIC","攻撃","速攻","金",37,0,0,0,"","",""
113,2,"ユニフォーム小原豊ICONIC","攻撃","速攻","金",31,0,0,0,"","",""
114,2,"ユニフォーム女川太郎ICONIC","攻撃","速攻","金",33,0,0,0,"","",""
121,2,"ユニフォーム笹谷武仁ICONIC","攻撃","速攻","金",35,0,0,0,"","",""
128,2,"2周年及川徹ICONIC","攻撃","速攻","金",40,0,0,0,"","",""
129,2,"ユニフォーム岩泉一ICONIC","攻撃","速攻","金",35,0,0,0,"","",""
130,2,"プール掃除岩泉一ICONIC","攻撃","速攻","金",35,0,0,0,"","",""
131,2,"制服岩泉一ICONIC","攻撃","速攻","金",35,0,0,0,"","",""
133,2,"バカンス岩泉一ICONIC","攻撃","速攻","金",35,0,0,0,"","",""
134,2,"路地裏2岩泉一ICONIC","攻撃","速攻","金",36,0,0,0,"","",""
139,2,"ユニフォーム京谷賢太郎ICONIC","攻撃","速攻","金",37,0,0,0,"","",""
140,2,"梅雨京谷賢太郎ICONIC","攻撃","速攻","金",38,0,0,0,"","",""
141,2,"ユニフォーム国見英ICONIC","攻撃","速攻","金",32,0,0,0,"","",""
142,2,"職業体験国見英ICONIC","攻撃","速攻","金",32,0,0,0,"","",""
143,2,"路地裏国見英ICONIC","攻撃","速攻","金",32,0,0,0,"","",""
144,2,"カンフー国見英ICONIC","攻撃","速攻","金",33,0,0,0,"","",""
150,2,"ユニフォーム花巻貴大ICONIC","攻撃","速攻","金",35,0,0,0,"","",""
151,2,"アート花巻貴大ICONIC","攻撃","速攻","金",35,0,0,0,"","",""
152,2,"バーガー花巻貴大ICONIC","攻撃","速攻","金",36,0,0,0,"","",""
156,2,"ユニフォーム駒木輝ICONIC","攻撃","速攻","金",29,0,0,0,"","",""
158,2,"ユニフォーム玉川弘樹ICONIC","攻撃","速攻","金",31,0,0,0,"","",""
162,2,"ユニフォーム池尻隼人ICONIC","攻撃","速攻","金",33,0,0,0,"","",""
163,2,"文化祭2池尻隼人ICONIC","攻撃","速攻","金",34,0,0,0,"","",""
165,2,"ユニフォーム十和田良樹ICONIC","攻撃","速攻","金",30,0,0,0,"","",""
167,2,"ユニフォーム唐松拓巳ICONIC","攻撃","速攻","金",33,0,0,0,"","",""
168,2,"ユニフォーム田沢裕樹ICONIC","攻撃","速攻","金",35,0,0,0,"","",""
176,2,"ユニフォーム浅虫快人ICONIC","攻撃","速攻","金",35,0,0,0,"","",""
179,2,"ユニフォーム稲垣功ICONIC","攻撃","速攻","金",33,0,0,0,"","",""
183,2,"ユニフォーム照島游児ICONIC","攻撃","速攻","金",39,0,0,0,"","",""
184,2,"制服照島游児ICONIC","攻撃","速攻","金",39,0,0,0,"","",""
185,2,"雪遊び照島游児ICONIC","攻撃","速攻","金",39,0,0,0,"","",""
187,2,"妖照島游児ICONIC","攻撃","速攻","金",39,0,0,0,"","",""
192,2,"ユニフォーム沼尻凛太郎ICONIC","攻撃","速攻","金",38,0,0,0,"","",""
194,2,"ユニフォーム東山勝道ICONIC","攻撃","速攻","金",34,0,0,0,"","",""
196,2,"ユニフォーム中島猛ICONIC","攻撃","速攻","金",36,0,0,0,"","",""
198,2,"ユニフォーム白石優希ICONIC","攻撃","速攻","金",32,0,0,0,"","",""
204,2,"ユニフォーム川渡瞬己ICONIC","攻撃","速攻","金",37,0,0,0,"","",""
205,2,"サバゲ2川渡瞬己ICONIC","攻撃","速攻","金",37,0,0,0,"","",""
206,2,"ユニフォーム牛島若利ICONIC","攻撃","速攻","金",35,0,0,0,"","",""
207,2,"水着牛島若利ICONIC","攻撃","速攻","金",35,0,0,0,"","",""
208,2,"新年牛島若利ICONIC","攻撃","速攻","金",35,0,0,0,"","",""
209,2,"制服牛島若利ICONIC","攻撃","速攻","金",35,0,0,0,"","",""
218,2,"ユニフォーム五色工ICONIC","攻撃","速攻","金",37,0,0,0,"","",""
219,2,"職業体験五色工ICONIC","攻撃","速攻","金",37,0,0,0,"","",""
220,2,"制服五色工ICONIC","攻撃","速攻","金",37,0,0,0,"","",""
221,2,"バカンス五色工ICONIC","攻撃","速攻","金",38,0,0,0,"","",""
223,2,"サバゲ2五色工ICONIC","攻撃","速攻","金",37,0,0,0,"","",""
229,2,"ユニフォーム大平獅音ICONIC","攻撃","速攻","金",34,0,0,0,"","",""
238,2,"ユニフォーム芦谷洋平ICONIC","攻撃","速攻","金",35,0,0,0,"","",""
243,2,"ユニフォーム湯河浩二ICONIC","攻撃","速攻","金",38,0,0,0,"","",""
244,2,"ユニフォーム千鹿谷栄吉ICONIC","攻撃","速攻","金",34,0,0,0,"","",""
245,2,"ユニフォーム小鹿野大樹ICONIC","攻撃","速攻","金",33,0,0,0,"","",""
257,2,"ユニフォーム宮治ICONIC","攻撃","速攻","金",35,0,0,0,"","",""
258,2,"RPG宮治ICONIC","攻撃","速攻","金",35,0,0,0,"","",""
259,2,"カンフー宮治ICONIC","攻撃","速攻","金",35,0,0,0,"","",""
260,2,"遊園地宮治ICONIC","攻撃","速攻","金",35,0,0,0,"","",""
268,2,"新年2北信介ICONIC","攻撃","速攻","金",37,0,0,0,"","",""
269,2,"職業体験2北信介ICONIC","攻撃","速攻","金",38,0,0,0,"","",""
276,2,"ユニフォーム銀島結ICONIC","攻撃","速攻","金",36,0,0,0,"","",""
277,2,"Xmas2銀島結ICONIC","攻撃","速攻","金",36,0,0,0,"","",""
282,2,"キャンプ木兎光太郎ICONIC","攻撃","速攻","金",40,0,0,0,"","",""
289,2,"ユニフォーム猿杙大和ICONIC","攻撃","速攻","金",38,0,0,0,"","",""
300,2,"ユニフォーム姫川葵ICONIC","攻撃","速攻","金",28,0,0,0,"","",""
301,2,"花火姫川葵ICONIC","攻撃","速攻","金",28,0,0,0,"","",""
307,2,"ユニフォーム寺泊基希ICONIC","攻撃","速攻","金",38,0,0,0,"","",""
312,2,"新年2星海光来ICONIC","攻撃","速攻","金",40,0,0,0,"","",""
321,2,"ユニフォーム大将優ICONIC","攻撃","速攻","金",34,0,0,0,"","",""
322,2,"新年大将優ICONIC","攻撃","速攻","金",34,0,0,0,"","",""
324,2,"妖大将優ICONIC","攻撃","速攻","金",34,0,0,0,"","",""
327,2,"バーガー潜尚保ICONIC","攻撃","速攻","金",36,0,0,0,"","",""
1,4,"ユニフォーム日向翔陽ICONIC","攻撃","フェイント","金",30,0,0,0,"","",""
2,4,"制服日向翔陽ICONIC","攻撃","フェイント","金",30,0,0,0,"","",""
4,4,"1周年日向翔陽ICONIC","攻撃","フェイント","金",30,0,0,0,"","",""
6,4,"ジャージ日向翔陽ICONIC","攻撃","フェイント","金",30,0,0,0,"","",""
7,4,"遊園地日向翔陽ICONIC","攻撃","フェイント","金",30,0,0,0,"","",""
16,4,"中学生影山飛雄ICONIC","攻撃","クロス","金",38,0,0,0,"","",""
53,5,"サバゲ東峰旭ICONIC","攻撃","ブロックアウト","金",29,0,0,0,"","",""
74,4,"文化祭2黒尾鉄朗ICONIC","攻撃","フェイント","金",36,0,0,0,"","",""
85,4,"ユニフォーム福永招平ICONIC","攻撃","ブロックアウト","金",36,0,0,0,"","",""
86,4,"バーガー福永招平ICONIC","攻撃","ブロックアウト","金",36,0,0,0,"","",""
87,4,"アート2福永招平ICONIC","攻撃","ブロックアウト","金",36,0,0,0,"","",""
93,4,"ユニフォーム海信之ICONIC","攻撃","リバウンド","金",40,0,0,0,"","",""
94,4,"遊園地海信之ICONIC","攻撃","リバウンド","金",40,0,0,0,"","",""
102,4,"ユニフォーム二口堅治ICONIC","攻撃","ブロックアウト","金",41,0,0,0,"","",""
103,4,"制服二口堅治ICONIC","攻撃","ブロックアウト","金",41,0,0,0,"","",""
105,4,"路地裏二口堅治ICONIC","攻撃","ブロックアウト","金",41,0,0,0,"","",""
107,4,"2周年二口堅治ICONIC","攻撃","ブロックアウト","金",41,0,0,0,"","",""
108,4,"アート2二口堅治ICONIC","攻撃","ブロックアウト","金",42,0,0,0,"","",""
113,4,"ユニフォーム小原豊ICONIC","攻撃","フェイント","金",37,0,0,0,"","",""
114,4,"ユニフォーム女川太郎ICONIC","攻撃","フェイント","金",41,0,0,0,"","",""
129,4,"ユニフォーム岩泉一ICONIC","攻撃","フェイント","金",42,0,0,0,"","",""
130,4,"プール掃除岩泉一ICONIC","攻撃","フェイント","金",42,0,0,0,"","",""
131,4,"制服岩泉一ICONIC","攻撃","フェイント","金",42,0,0,0,"","",""
133,4,"バカンス岩泉一ICONIC","攻撃","フェイント","金",42,0,0,0,"","",""
134,4,"路地裏2岩泉一ICONIC","攻撃","フェイント","金",43,0,0,0,"","",""
141,4,"ユニフォーム国見英ICONIC","攻撃","フェイント","金",42,0,0,0,"","",""
142,5,"職業体験国見英ICONIC","攻撃","フェイント","金",42,0,0,0,"","",""
143,4,"路地裏国見英ICONIC","攻撃","フェイント","金",42,0,0,0,"","",""
144,4,"カンフー国見英ICONIC","攻撃","クロス","金",43,0,0,0,"","",""
150,4,"ユニフォーム花巻貴大ICONIC","攻撃","フェイント","金",42,0,0,0,"","",""
151,4,"アート花巻貴大ICONIC","攻撃","フェイント","金",42,0,0,0,"","",""
152,5,"バーガー花巻貴大ICONIC","攻撃","フェイント","金",42,0,0,0,"","",""
185,4,"雪遊び照島游児ICONIC","攻撃","フェイント","金",38,0,0,0,"","",""
210,4,"文化祭2牛島若利ICONIC","攻撃","フェイント","金",46,0,0,0,"","",""
219,5,"職業体験五色工ICONIC","攻撃","ブロックアウト","金",45,0,0,0,"","",""
221,4,"バカンス五色工ICONIC","攻撃","クロス","金",40,0,0,0,"","",""
221,5,"バカンス五色工ICONIC","攻撃","ブロックアウト","金",45,0,0,0,"","",""
260,4,"遊園地宮治ICONIC","攻撃","ブロックアウト","金",41,0,0,0,"","",""
270,4,"ユニフォーム尾白アランICONIC","攻撃","クロス","金",39,0,0,0,"","",""
271,4,"雪遊び尾白アランICONIC","攻撃","クロス","金",39,0,0,0,"","",""
278,4,"ユニフォーム木兎光太郎ICONIC","攻撃","クロス","金",42,0,0,0,"","",""
279,4,"夏祭り木兎光太郎ICONIC","攻撃","クロス","金",42,0,0,0,"","",""
280,4,"Xmas木兎光太郎ICONIC","攻撃","クロス","金",42,0,0,0,"","",""
281,4,"制服木兎光太郎ICONIC","攻撃","クロス","金",42,0,0,0,"","",""
282,4,"キャンプ木兎光太郎ICONIC","攻撃","クロス","金",43,0,0,0,"","",""
305,4,"ユニフォーム丸山一喜ICONIC","攻撃","フェイント","金",36,0,0,0,"","",""
307,4,"ユニフォーム寺泊基希ICONIC","攻撃","フェイント","金",41,0,0,0,"","",""
308,5,"ユニフォーム星海光来ICONIC","攻撃","リバウンド","金",39,0,0,0,"","",""
309,5,"文化祭星海光来ICONIC","攻撃","ブロックアウト","金",39,0,0,0,"","",""
311,5,"花火星海光来ICONIC","攻撃","リバウンド","金",39,0,0,0,"","",""
312,5,"新年2星海光来ICONIC","攻撃","リバウンド","金",40,0,0,0,"","",""
316,4,"ユニフォーム佐久早聖臣ICONIC","攻撃","クロス","金",39,0,0,0,"","",""
316,5,"ユニフォーム佐久早聖臣ICONIC","攻撃","フェイント","金",39,0,0,0,"","",""
316,6,"ユニフォーム佐久早聖臣ICONIC","攻撃","ブロックアウト","金",42,0,0,0,"","",""
317,4,"サバゲ佐久早聖臣ICONIC","攻撃","クロス","金",39,0,0,0,"","",""
317,5,"サバゲ佐久早聖臣ICONIC","攻撃","フェイント","金",39,0,0,0,"","",""
317,6,"サバゲ佐久早聖臣ICONIC","攻撃","ブロックアウト","金",42,0,0,0,"","",""
318,4,"新年2佐久早聖臣ICONIC","攻撃","クロス","金",39,0,0,0,"","",""
318,5,"新年2佐久早聖臣ICONIC","攻撃","フェイント","金",39,0,0,0,"","",""
318,6,"新年2佐久早聖臣ICONIC","攻撃","ブロックアウト","金",42,0,0,0,"","",""
326,4,"ユニフォーム潜尚保ICONIC","攻撃","クロス","金",38,0,0,0,"","",""
327,4,"バーガー潜尚保ICONIC","攻撃","クロス","金",38,0,0,0,"","",""
16,1,"中学生影山飛雄ICONIC","攻撃","スパイク","金",38,0,0,0,"","",""
22,1,"ジャージ月島蛍ICONIC","攻撃","スパイク","金",31,0,0,0,"","",""
24,1,"アート2月島蛍ICONIC","攻撃","スパイク","金",32,0,0,0,"","",""
29,1,"ジャージ山口忠ICONIC","攻撃","スパイク","金",29,0,0,0,"","",""
36,1,"ユニフォーム田中龍之介ICONIC","攻撃","スパイク","金",30,0,0,0,"","",""
37,1,"制服田中龍之介ICONIC","攻撃","スパイク","金",30,0,0,0,"","",""
38,1,"新年田中龍之介ICONIC","攻撃","スパイク","金",30,0,0,0,"","",""
40,1,"仮装田中龍之介ICONIC","攻撃","スパイク","金",31,0,0,0,"","",""
45,1,"新年2澤村大地ICONIC","攻撃","スパイク","金",32,0,0,0,"","",""
50,1,"Xmas2菅原考支ICONIC","攻撃","スパイク","金",28,0,0,0,"","",""
51,1,"ユニフォーム東峰旭ICONIC","攻撃","スパイク","金",31,0,0,0,"","",""
52,1,"プール掃除東峰旭ICONIC","攻撃","スパイク","金",29,0,0,0,"","",""
53,1,"サバゲ東峰旭ICONIC","攻撃","スパイク","金",31,0,0,0,"","",""
54,1,"ユニフォーム東峰旭YELL","攻撃","スパイク","金",31,0,0,0,"","",""
59,1,"ユニフォーム木下久志ICONIC","攻撃","スパイク","金",28,0,0,0,"","",""
60,1,"妖木下久志ICONIC","攻撃","スパイク","金",28,0,0,0,"","",""
62,1,"ユニフォーム孤爪研磨ICONIC","攻撃","スパイク","金",31,0,0,0,"","",""
63,1,"制服孤爪研磨ICONIC","攻撃","スパイク","金",31,0,0,0,"","",""
65,1,"1周年孤爪研磨ICONIC","攻撃","スパイク","金",31,0,0,0,"","",""
66,1,"スパイ孤爪研磨ICONIC","攻撃","スパイク","金",31,0,0,0,"","",""
69,1,"ユニフォーム黒尾鉄朗ICONIC","攻撃","スパイク","金",33,0,0,0,"","",""
71,1,"夏祭り黒尾鉄朗ICONIC","攻撃","スパイク","金",33,0,0,0,"","",""
72,1,"1周年黒尾鉄朗ICONIC","攻撃","スパイク","金",33,0,0,0,"","",""
73,1,"キャンプ黒尾鉄朗ICONIC","攻撃","スパイク","金",33,0,0,0,"","",""
74,1,"文化祭2黒尾鉄朗ICONIC","攻撃","スパイク","金",35,0,0,0,"","",""
75,1,"中学生黒尾鉄朗ICONIC","攻撃","スパイク","金",36,0,0,0,"","",""
80,1,"サバゲ2灰羽リエーフICONIC","攻撃","スパイク","金",37,0,0,0,"","",""
85,1,"ユニフォーム福永招平ICONIC","攻撃","スパイク","金",32,0,0,0,"","",""
86,1,"バーガー福永招平ICONIC","攻撃","スパイク","金",32,0,0,0,"","",""
87,1,"アート2福永招平ICONIC","攻撃","スパイク","金",32,0,0,0,"","",""
90,1,"ユニフォーム山本猛虎ICONIC","攻撃","スパイク","金",37,0,0,0,"","",""
91,1,"新年山本猛虎ICONIC","攻撃","スパイク","金",37,0,0,0,"","",""
93,1,"ユニフォーム海信之ICONIC","攻撃","スパイク","金",34,0,0,0,"","",""
94,1,"遊園地海信之ICONIC","攻撃","スパイク","金",34,0,0,0,"","",""
101,1,"甲冑青根高伸ICONIC","攻撃","スパイク","金",35,0,0,0,"","",""
102,1,"ユニフォーム二口堅治ICONIC","攻撃","スパイク","金",36,0,0,0,"","",""
103,1,"制服二口堅治ICONIC","攻撃","スパイク","金",36,0,0,0,"","",""
104,1,"プール掃除二口堅治ICONIC","攻撃","スパイク","金",36,0,0,0,"","",""
105,1,"路地裏二口堅治ICONIC","攻撃","スパイク","金",36,0,0,0,"","",""
108,1,"アート2二口堅治ICONIC","攻撃","スパイク","金",37,0,0,0,"","",""
113,1,"ユニフォーム小原豊ICONIC","攻撃","スパイク","金",31,0,0,0,"","",""
114,1,"ユニフォーム女川太郎ICONIC","攻撃","スパイク","金",33,0,0,0,"","",""
121,1,"ユニフォーム笹谷武仁ICONIC","攻撃","スパイク","金",35,0,0,0,"","",""
128,1,"2周年及川徹ICONIC","攻撃","スパイク","金",40,0,0,0,"","",""
129,1,"ユニフォーム岩泉一ICONIC","攻撃","スパイク","金",35,0,0,0,"","",""
130,1,"プール掃除岩泉一ICONIC","攻撃","スパイク","金",35,0,0,0,"","",""
131,1,"制服岩泉一ICONIC","攻撃","スパイク","金",35,0,0,0,"","",""
133,1,"バカンス岩泉一ICONIC","攻撃","スパイク","金",35,0,0,0,"","",""
134,1,"路地裏2岩泉一ICONIC","攻撃","スパイク","金",36,0,0,0,"","",""
139,1,"ユニフォーム京谷賢太郎ICONIC","攻撃","スパイク","金",37,0,0,0,"","",""
140,1,"梅雨京谷賢太郎ICONIC","攻撃","スパイク","金",38,0,0,0,"","",""
144,1,"カンフー国見英ICONIC","攻撃","スパイク","金",33,0,0,0,"","",""
150,1,"ユニフォーム花巻貴大ICONIC","攻撃","スパイク","金",35,0,0,0,"","",""
151,1,"アート花巻貴大ICONIC","攻撃","スパイク","金",35,0,0,0,"","",""
152,1,"バーガー花巻貴大ICONIC","攻撃","スパイク","金",36,0,0,0,"","",""
153,1,"妖花巻貴大ICONIC","攻撃","スパイク","金",35,0,0,0,"","",""
156,1,"ユニフォーム駒木輝ICONIC","攻撃","スパイク","金",29,0,0,0,"","",""
158,1,"ユニフォーム玉川弘樹ICONIC","攻撃","スパイク","金",31,0,0,0,"","",""
162,1,"ユニフォーム池尻隼人ICONIC","攻撃","スパイク","金",33,0,0,0,"","",""
163,1,"文化祭2池尻隼人ICONIC","攻撃","スパイク","金",34,0,0,0,"","",""
165,1,"ユニフォーム十和田良樹ICONIC","攻撃","スパイク","金",30,0,0,0,"","",""
167,1,"ユニフォーム唐松拓巳ICONIC","攻撃","スパイク","金",33,0,0,0,"","",""
168,1,"ユニフォーム田沢裕樹ICONIC","攻撃","スパイク","金",35,0,0,0,"","",""
176,1,"ユニフォーム浅虫快人ICONIC","攻撃","スパイク","金",35,0,0,0,"","",""
179,1,"ユニフォーム稲垣功ICONIC","攻撃","スパイク","金",33,0,0,0,"","",""
181,1,"ユニフォーム百沢雄大ICONIC","攻撃","スパイク","金",33,0,0,0,"","",""
182,1,"職業体験百沢雄大ICONIC","攻撃","スパイク","金",33,0,0,0,"","",""
183,1,"ユニフォーム照島游児ICONIC","攻撃","スパイク","金",39,0,0,0,"","",""
184,1,"制服照島游児ICONIC","攻撃","スパイク","金",39,0,0,0,"","",""
185,1,"雪遊び照島游児ICONIC","攻撃","スパイク","金",39,0,0,0,"","",""
187,1,"妖照島游児ICONIC","攻撃","スパイク","金",39,0,0,0,"","",""
192,1,"ユニフォーム沼尻凛太郎ICONIC","攻撃","スパイク","金",38,0,0,0,"","",""
194,1,"ユニフォーム東山勝道ICONIC","攻撃","スパイク","金",34,0,0,0,"","",""
196,1,"ユニフォーム中島猛ICONIC","攻撃","スパイク","金",36,0,0,0,"","",""
197,1,"スパイ中島猛ICONIC","攻撃","スパイク","金",36,0,0,0,"","",""
198,1,"ユニフォーム白石優希ICONIC","攻撃","スパイク","金",32,0,0,0,"","",""
204,1,"ユニフォーム川渡瞬己ICONIC","攻撃","スパイク","金",37,0,0,0,"","",""
205,1,"サバゲ2川渡瞬己ICONIC","攻撃","スパイク","金",37,0,0,0,"","",""
206,1,"ユニフォーム牛島若利ICONIC","攻撃","スパイク","金",39,0,0,0,"","",""
207,1,"水着牛島若利ICONIC","攻撃","スパイク","金",39,0,0,0,"","",""
208,1,"新年牛島若利ICONIC","攻撃","スパイク","金",39,0,0,0,"","",""
209,1,"制服牛島若利ICONIC","攻撃","スパイク","金",39,0,0,0,"","",""
210,1,"文化祭2牛島若利ICONIC","攻撃","スパイク","金",40,0,0,0,"","",""
212,1,"ユニフォーム天童覚ICONIC","攻撃","スパイク","金",35,0,0,0,"","",""
213,1,"水着天童覚ICONIC","攻撃","スパイク","金",35,0,0,0,"","",""
214,1,"文化祭天童覚ICONIC","攻撃","スパイク","金",35,0,0,0,"","",""
215,1,"制服天童覚ICONIC","攻撃","スパイク","金",36,0,0,0,"","",""
216,1,"仮装天童覚ICONIC","攻撃","スパイク","金",35,0,0,0,"","",""
217,1,"遊園地天童覚ICONIC","攻撃","スパイク","金",35,0,0,0,"","",""
218,1,"ユニフォーム五色工ICONIC","攻撃","スパイク","金",37,0,0,0,"","",""
219,1,"職業体験五色工ICONIC","攻撃","スパイク","金",37,0,0,0,"","",""
220,1,"制服五色工ICONIC","攻撃","スパイク","金",37,0,0,0,"","",""
221,1,"バカンス五色工ICONIC","攻撃","スパイク","金",38,0,0,0,"","",""
223,1,"サバゲ2五色工ICONIC","攻撃","スパイク","金",37,0,0,0,"","",""
229,1,"ユニフォーム大平獅音ICONIC","攻撃","スパイク","金",34,0,0,0,"","",""
237,1,"ユニフォーム強羅昌己ICONIC","攻撃","スパイク","金",35,0,0,0,"","",""
238,1,"ユニフォーム芦谷洋平ICONIC","攻撃","スパイク","金",35,0,0,0,"","",""
243,1,"ユニフォーム湯河浩二ICONIC","攻撃","スパイク","金",38,0,0,0,"","",""
244,1,"ユニフォーム千鹿谷栄吉ICONIC","攻撃","スパイク","金",37,0,0,0,"","",""
245,1,"ユニフォーム小鹿野大樹ICONIC","攻撃","スパイク","金",33,0,0,0,"","",""
249,1,"ユニフォーム島府典明ICONIC","攻撃","スパイク","金",33,0,0,0,"","",""
254,1,"カンフー宮侑ICONIC","攻撃","スパイク","金",32,0,0,0,"","",""
257,1,"ユニフォーム宮治ICONIC","攻撃","スパイク","金",38,0,0,0,"","",""
258,1,"RPG宮治ICONIC","攻撃","スパイク","金",38,0,0,0,"","",""
259,1,"カンフー宮治ICONIC","攻撃","スパイク","金",38,0,0,0,"","",""
260,1,"遊園地宮治ICONIC","攻撃","スパイク","金",38,0,0,0,"","",""
265,1,"ユニフォーム北信介ICONIC","攻撃","スパイク","金",36,0,0,0,"","",""
266,1,"Xmas北信介ICONIC","攻撃","スパイク","金",36,0,0,0,"","",""
268,1,"新年2北信介ICONIC","攻撃","スパイク","金",37,0,0,0,"","",""
269,1,"職業体験2北信介ICONIC","攻撃","スパイク","金",38,0,0,0,"","",""
270,1,"ユニフォーム尾白アランICONIC","攻撃","スパイク","金",37,0,0,0,"","",""
271,1,"雪遊び尾白アランICONIC","攻撃","スパイク","金",37,0,0,0,"","",""
276,1,"ユニフォーム銀島結ICONIC","攻撃","スパイク","金",36,0,0,0,"","",""
277,1,"Xmas2銀島結ICONIC","攻撃","スパイク","金",36,0,0,0,"","",""
278,1,"ユニフォーム木兎光太郎ICONIC","攻撃","スパイク","金",39,0,0,0,"","",""
279,1,"夏祭り木兎光太郎ICONIC","攻撃","スパイク","金",39,0,0,0,"","",""
280,1,"Xmas木兎光太郎ICONIC","攻撃","スパイク","金",39,0,0,0,"","",""
281,1,"制服木兎光太郎ICONIC","攻撃","スパイク","金",39,0,0,0,"","",""
282,1,"キャンプ木兎光太郎ICONIC","攻撃","スパイク","金",40,0,0,0,"","",""
283,1,"2周年木兎光太郎ICONIC","攻撃","スパイク","金",39,0,0,0,"","",""
284,1,"ユニフォーム木葉秋紀ICONIC","攻撃","スパイク","金",33,0,0,0,"","",""
285,1,"探偵木葉秋紀ICONIC","攻撃","スパイク","金",33,0,0,0,"","",""
286,1,"梅雨木葉秋紀ICONIC","攻撃","スパイク","金",33,0,0,0,"","",""
289,1,"ユニフォーム猿杙大和ICONIC","攻撃","スパイク","金",35,0,0,0,"","",""
305,1,"ユニフォーム丸山一喜ICONIC","攻撃","スパイク","金",36,0,0,0,"","",""
306,1,"ユニフォーム舞子侑志ICONIC","攻撃","スパイク","金",28,0,0,0,"","",""
307,1,"ユニフォーム寺泊基希ICONIC","攻撃","スパイク","金",38,0,0,0,"","",""
308,1,"ユニフォーム星海光来ICONIC","攻撃","スパイク","金",39,0,0,0,"","",""
309,1,"文化祭星海光来ICONIC","攻撃","スパイク","金",39,0,0,0,"","",""
310,1,"サバゲ星海光来ICONIC","攻撃","スパイク","金",39,0,0,0,"","",""
311,1,"花火星海光来ICONIC","攻撃","スパイク","金",39,0,0,0,"","",""
312,1,"新年2星海光来ICONIC","攻撃","スパイク","金",40,0,0,0,"","",""
321,1,"ユニフォーム大将優ICONIC","攻撃","スパイク","金",34,0,0,0,"","",""
322,1,"新年大将優ICONIC","攻撃","スパイク","金",34,0,0,0,"","",""
324,1,"妖大将優ICONIC","攻撃","スパイク","金",34,0,0,0,"","",""
325,1,"ユニフォーム沼井和馬ICONIC","攻撃","スパイク","金",36,0,0,0,"","",""
2,5,"制服日向翔陽ICONIC","攻撃","ブロード","銀",31,0,0,0,"","",""
3,4,"夏祭り日向翔陽ICONIC","攻撃","フェイント","銀",28,0,0,0,"","",""
5,4,"王冠日向翔陽ICONIC","攻撃","フェイント","銀",27,0,0,0,"","",""
5,5,"王冠日向翔陽ICONIC","攻撃","ブロード","銀",31,0,0,0,"","",""
12,1,"1周年影山飛雄ICONIC","攻撃","スパイク","銀",34,0,0,0,"","",""
12,2,"1周年影山飛雄ICONIC","攻撃","速攻","銀",30,0,0,0,"","",""
19,1,"職業体験月島蛍ICONIC","攻撃","スパイク","銀",28,0,0,0,"","",""
19,2,"職業体験月島蛍ICONIC","攻撃","速攻","銀",28,0,0,0,"","",""
20,1,"1周年月島蛍ICONIC","攻撃","スパイク","銀",28,0,0,0,"","",""
23,2,"2周年月島蛍ICONIC","攻撃","速攻","銀",26,0,0,0,"","",""
23,3,"2周年月島蛍ICONIC","攻撃","フェイント","銀",24,0,0,0,"","",""
25,3,"ユニフォーム山口忠ICONIC","攻撃","フェイント","銀",21,0,0,0,"","",""
26,3,"水着山口忠ICONIC","攻撃","フェイント","銀",21,0,0,0,"","",""
27,3,"雪遊び山口忠ICONIC","攻撃","フェイント","銀",19,0,0,0,"","",""
28,3,"スパイ山口忠ICONIC","攻撃","フェイント","銀",21,0,0,0,"","",""
29,3,"ジャージ山口忠ICONIC","攻撃","フェイント","銀",24,0,0,0,"","",""
37,2,"制服田中龍之介ICONIC","攻撃","速攻","銀",29,0,0,0,"","",""
38,2,"新年田中龍之介ICONIC","攻撃","速攻","銀",30,0,0,0,"","",""
38,4,"新年田中龍之介ICONIC","攻撃","クロス","銀",30,0,0,0,"","",""
39,1,"RPG田中龍之介ICONIC","攻撃","スパイク","銀",27,0,0,0,"","",""
40,4,"仮装田中龍之介ICONIC","攻撃","クロス","銀",30,0,0,0,"","",""
43,1,"文化祭澤村大地ICONIC","攻撃","スパイク","銀",28,0,0,0,"","",""
43,3,"文化祭澤村大地ICONIC","攻撃","ストレート","銀",30,0,0,0,"","",""
55,1,"ユニフォーム縁下力ICONIC","攻撃","スパイク","銀",22,0,0,0,"","",""
56,1,"探偵縁下力ICONIC","攻撃","スパイク","銀",22,0,0,0,"","",""
56,2,"探偵縁下力ICONIC","攻撃","速攻","銀",25,0,0,0,"","",""
57,1,"RPG縁下力ICONIC","攻撃","スパイク","銀",22,0,0,0,"","",""
58,1,"花火縁下力ICONIC","攻撃","スパイク","銀",23,0,0,0,"","",""
58,2,"花火縁下力ICONIC","攻撃","速攻","銀",26,0,0,0,"","",""
63,3,"制服孤爪研磨ICONIC","攻撃","フェイント","銀",30,0,0,0,"","",""
70,1,"制服黒尾鉄朗ICONIC","攻撃","スパイク","銀",29,0,0,0,"","",""
71,2,"夏祭り黒尾鉄朗ICONIC","攻撃","速攻","銀",29,0,0,0,"","",""
72,2,"1周年黒尾鉄朗ICONIC","攻撃","速攻","銀",31,0,0,0,"","",""
72,4,"1周年黒尾鉄朗ICONIC","攻撃","フェイント","銀",33,0,0,0,"","",""
72,5,"1周年黒尾鉄朗ICONIC","攻撃","ブロード","銀",28,0,0,0,"","",""
73,2,"キャンプ黒尾鉄朗ICONIC","攻撃","速攻","銀",31,0,0,0,"","",""
77,1,"探偵灰羽リエーフICONIC","攻撃","スパイク","銀",33,0,0,0,"","",""
77,2,"探偵灰羽リエーフICONIC","攻撃","速攻","銀",33,0,0,0,"","",""
78,1,"路地裏灰羽リエーフICONIC","攻撃","スパイク","銀",33,0,0,0,"","",""
78,2,"路地裏灰羽リエーフICONIC","攻撃","速攻","銀",33,0,0,0,"","",""
79,1,"文化祭2灰羽リエーフICONIC","攻撃","スパイク","銀",33,0,0,0,"","",""
80,4,"サバゲ2灰羽リエーフICONIC","攻撃","ブロード","銀",33,0,0,0,"","",""
86,3,"バーガー福永招平ICONIC","攻撃","フェイント","銀",33,0,0,0,"","",""
89,1,"新年犬岡走ICONIC","攻撃","スパイク","銀",30,0,0,0,"","",""
89,2,"新年犬岡走ICONIC","攻撃","速攻","銀",30,0,0,0,"","",""
99,1,"プール掃除青根高伸ICONIC","攻撃","スパイク","銀",31,0,0,0,"","",""
100,1,"キャンプ青根高伸ICONIC","攻撃","スパイク","銀",31,0,0,0,"","",""
101,2,"甲冑青根高伸ICONIC","攻撃","速攻","銀",32,0,0,0,"","",""
105,3,"路地裏二口堅治ICONIC","攻撃","フェイント","銀",34,0,0,0,"","",""
105,5,"路地裏二口堅治ICONIC","攻撃","ブロード","銀",34,0,0,0,"","",""
107,1,"2周年二口堅治ICONIC","攻撃","スパイク","銀",33,0,0,0,"","",""
107,2,"2周年二口堅治ICONIC","攻撃","速攻","銀",33,0,0,0,"","",""
107,3,"2周年二口堅治ICONIC","攻撃","フェイント","銀",35,0,0,0,"","",""
108,3,"アート2二口堅治ICONIC","攻撃","フェイント","銀",35,0,0,0,"","",""
108,5,"アート2二口堅治ICONIC","攻撃","ブロード","銀",35,0,0,0,"","",""
111,1,"職業体験黄金川貫至ICONIC","攻撃","スパイク","銀",30,0,0,0,"","",""
111,3,"職業体験黄金川貫至ICONIC","攻撃","ストレート","銀",30,0,0,0,"","",""
125,1,"制服及川徹ICONIC","攻撃","スパイク","銀",36,0,0,0,"","",""
125,2,"制服及川徹ICONIC","攻撃","速攻","銀",36,0,0,0,"","",""
125,3,"制服及川徹ICONIC","攻撃","フェイント","銀",36,0,0,0,"","",""
128,3,"2周年及川徹ICONIC","攻撃","フェイント","銀",37,0,0,0,"","",""
128,4,"2周年及川徹ICONIC","攻撃","ブロード","銀",37,0,0,0,"","",""
132,1,"サバゲ岩泉一ICONIC","攻撃","スパイク","銀",32,0,0,0,"","",""
132,3,"サバゲ岩泉一ICONIC","攻撃","クロス","銀",35,0,0,0,"","",""
133,3,"バカンス岩泉一ICONIC","攻撃","クロス","銀",36,0,0,0,"","",""
136,1,"雪遊び金田一勇太郎ICONIC","攻撃","スパイク","銀",31,0,0,0,"","",""
136,2,"雪遊び金田一勇太郎ICONIC","攻撃","速攻","銀",30,0,0,0,"","",""
138,1,"中学生金田一勇太郎ICONIC","攻撃","スパイク","銀",31,0,0,0,"","",""
138,2,"中学生金田一勇太郎ICONIC","攻撃","速攻","銀",30,0,0,0,"","",""
140,4,"梅雨京谷賢太郎ICONIC","攻撃","ブロード","銀",36,0,0,0,"","",""
141,1,"ユニフォーム国見英ICONIC","攻撃","スパイク","銀",32,0,0,0,"","",""
142,1,"職業体験国見英ICONIC","攻撃","スパイク","銀",32,0,0,0,"","",""
142,4,"職業体験国見英ICONIC","攻撃","クロス","銀",29,0,0,0,"","",""
142,6,"職業体験国見英ICONIC","攻撃","リバウンド","銀",29,0,0,0,"","",""
143,1,"路地裏国見英ICONIC","攻撃","スパイク","銀",32,0,0,0,"","",""
144,3,"カンフー国見英ICONIC","攻撃","ストレート","銀",30,0,0,0,"","",""
145,2,"中学生国見英ICONIC","攻撃","速攻","銀",30,0,0,0,"","",""
145,3,"中学生国見英ICONIC","攻撃","ストレート","銀",30,0,0,0,"","",""
152,4,"バーガー花巻貴大ICONIC","攻撃","クロス","銀",36,0,0,0,"","",""
153,2,"妖花巻貴大ICONIC","攻撃","速攻","銀",32,0,0,0,"","",""
153,3,"妖花巻貴大ICONIC","攻撃","ストレート","銀",35,0,0,0,"","",""
164,3,"遊園地池尻隼人ICONIC","攻撃","リバウンド","銀",39,0,0,0,"","",""
170,1,"サバゲ2子安颯真ICONIC","攻撃","スパイク","銀",30,0,0,0,"","",""
185,3,"雪遊び照島游児ICONIC","攻撃","クロス","銀",41,0,0,0,"","",""
186,1,"スパイ照島游児ICONIC","攻撃","スパイク","銀",36,0,0,0,"","",""
186,2,"スパイ照島游児ICONIC","攻撃","速攻","銀",36,0,0,0,"","",""
187,4,"妖照島游児ICONIC","攻撃","ブロード","銀",36,0,0,0,"","",""
189,1,"アート2母畑和馬ICONIC","攻撃","スパイク","銀",30,0,0,0,"","",""
189,2,"アート2母畑和馬ICONIC","攻撃","速攻","銀",28,0,0,0,"","",""
203,1,"妖松島剛ICONIC","攻撃","スパイク","銀",28,0,0,0,"","",""
203,2,"妖松島剛ICONIC","攻撃","速攻","銀",26,0,0,0,"","",""
208,4,"新年牛島若利ICONIC","攻撃","ブロックアウト","銀",33,0,0,0,"","",""
208,5,"新年牛島若利ICONIC","攻撃","ブロード","銀",33,0,0,0,"","",""
209,4,"制服牛島若利ICONIC","攻撃","ブロード","銀",33,0,0,0,"","",""
210,2,"文化祭2牛島若利ICONIC","攻撃","速攻","銀",33,0,0,0,"","",""
210,5,"文化祭2牛島若利ICONIC","攻撃","ブロード","銀",33,0,0,0,"","",""
211,1,"妖牛島若利ICONIC","攻撃","スパイク","銀",36,0,0,0,"","",""
211,2,"妖牛島若利ICONIC","攻撃","速攻","銀",32,0,0,0,"","",""
213,3,"水着天童覚ICONIC","攻撃","ストレート","銀",33,0,0,0,"","",""
213,4,"水着天童覚ICONIC","攻撃","リバウンド","銀",33,0,0,0,"","",""
216,2,"仮装天童覚ICONIC","攻撃","速攻","銀",33,0,0,0,"","",""
216,3,"仮装天童覚ICONIC","攻撃","ストレート","銀",34,0,0,0,"","",""
216,4,"仮装天童覚ICONIC","攻撃","クロス","銀",34,0,0,0,"","",""
219,3,"職業体験五色工ICONIC","攻撃","ストレート","銀",33,0,0,0,"","",""
219,4,"職業体験五色工ICONIC","攻撃","クロス","銀",33,0,0,0,"","",""
221,3,"バカンス五色工ICONIC","攻撃","ストレート","銀",36,0,0,0,"","",""
222,1,"Xmas2五色工ICONIC","攻撃","スパイク","銀",34,0,0,0,"","",""
222,2,"Xmas2五色工ICONIC","攻撃","速攻","銀",34,0,0,0,"","",""
224,1,"ユニフォーム白布賢二郎ICONIC","攻撃","スパイク","銀",27,0,0,0,"","",""
224,2,"ユニフォーム白布賢二郎ICONIC","攻撃","速攻","銀",27,0,0,0,"","",""
225,1,"探偵白布賢二郎ICONIC","攻撃","スパイク","銀",27,0,0,0,"","",""
225,2,"探偵白布賢二郎ICONIC","攻撃","速攻","銀",27,0,0,0,"","",""
226,1,"制服白布賢二郎ICONIC","攻撃","スパイク","銀",27,0,0,0,"","",""
226,2,"制服白布賢二郎ICONIC","攻撃","速攻","銀",27,0,0,0,"","",""
232,1,"ユニフォーム瀬見英太ICONIC","攻撃","スパイク","銀",28,0,0,0,"","",""
232,2,"ユニフォーム瀬見英太ICONIC","攻撃","速攻","銀",28,0,0,0,"","",""
233,1,"雪遊び瀬見英太ICONIC","攻撃","スパイク","銀",28,0,0,0,"","",""
233,2,"雪遊び瀬見英太ICONIC","攻撃","速攻","銀",28,0,0,0,"","",""
235,1,"アート2瀬見英太ICONIC","攻撃","スパイク","銀",28,0,0,0,"","",""
235,2,"アート2瀬見英太ICONIC","攻撃","速攻","銀",28,0,0,0,"","",""
237,2,"ユニフォーム強羅昌己ICONIC","攻撃","速攻","銀",35,0,0,0,"","",""
244,4,"ユニフォーム千鹿谷栄吉ICONIC","攻撃","ブロード","銀",33,0,0,0,"","",""
245,4,"ユニフォーム小鹿野大樹ICONIC","攻撃","ブロード","銀",33,0,0,0,"","",""
249,2,"ユニフォーム島府典明ICONIC","攻撃","速攻","銀",33,0,0,0,"","",""
254,2,"カンフー宮侑ICONIC","攻撃","速攻","銀",30,0,0,0,"","",""
261,1,"ユニフォーム角名倫太郎ICONIC","攻撃","スパイク","銀",37,0,0,0,"","",""
262,1,"サバゲ角名倫太郎ICONIC","攻撃","スパイク","銀",37,0,0,0,"","",""
262,2,"サバゲ角名倫太郎ICONIC","攻撃","速攻","銀",37,0,0,0,"","",""
263,1,"花火角名倫太郎ICONIC","攻撃","スパイク","銀",37,0,0,0,"","",""
264,1,"路地裏2角名倫太郎ICONIC","攻撃","スパイク","銀",37,0,0,0,"","",""
267,1,"スパイ北信介ICONIC","攻撃","スパイク","銀",33,0,0,0,"","",""
267,3,"スパイ北信介ICONIC","攻撃","クロス","銀",36,0,0,0,"","",""
270,2,"ユニフォーム尾白アランICONIC","攻撃","速攻","銀",37,0,0,0,"","",""
271,2,"雪遊び尾白アランICONIC","攻撃","速攻","銀",37,0,0,0,"","",""
274,1,"ユニフォーム大耳練ICONIC","攻撃","スパイク","銀",33,0,0,0,"","",""
279,2,"夏祭り木兎光太郎ICONIC","攻撃","速攻","銀",36,0,0,0,"","",""
280,2,"Xmas木兎光太郎ICONIC","攻撃","速攻","銀",37,0,0,0,"","",""
280,5,"Xmas木兎光太郎ICONIC","攻撃","フェイント","銀",37,0,0,0,"","",""
280,6,"Xmas木兎光太郎ICONIC","攻撃","リバウンド","銀",37,0,0,0,"","",""
280,7,"Xmas木兎光太郎ICONIC","攻撃","ブロード","銀",33,0,0,0,"","",""
281,5,"制服木兎光太郎ICONIC","攻撃","フェイント","銀",36,0,0,0,"","",""
282,5,"キャンプ木兎光太郎ICONIC","攻撃","フェイント","銀",36,0,0,0,"","",""
282,6,"キャンプ木兎光太郎ICONIC","攻撃","リバウンド","銀",36,0,0,0,"","",""
282,7,"キャンプ木兎光太郎ICONIC","攻撃","ブロード","銀",36,0,0,0,"","",""
283,3,"2周年木兎光太郎ICONIC","攻撃","ストレート","銀",36,0,0,0,"","",""
283,4,"2周年木兎光太郎ICONIC","攻撃","クロス","銀",39,0,0,0,"","",""
284,2,"ユニフォーム木葉秋紀ICONIC","攻撃","速攻","銀",30,0,0,0,"","",""
285,2,"探偵木葉秋紀ICONIC","攻撃","速攻","銀",31,0,0,0,"","",""
285,4,"探偵木葉秋紀ICONIC","攻撃","ブロード","銀",31,0,0,0,"","",""
287,1,"路地裏2木葉秋紀ICONIC","攻撃","スパイク","銀",30,0,0,0,"","",""
287,3,"路地裏2木葉秋紀ICONIC","攻撃","フェイント","銀",33,0,0,0,"","",""
288,1,"水着2木葉秋紀ICONIC","攻撃","スパイク","銀",30,0,0,0,"","",""
288,3,"水着2木葉秋紀ICONIC","攻撃","フェイント","銀",33,0,0,0,"","",""
300,1,"ユニフォーム姫川葵ICONIC","攻撃","スパイク","銀",27,0,0,0,"","",""
301,1,"花火姫川葵ICONIC","攻撃","スパイク","銀",27,0,0,0,"","",""
305,2,"ユニフォーム丸山一喜ICONIC","攻撃","速攻","銀",36,0,0,0,"","",""
307,5,"ユニフォーム寺泊基希ICONIC","攻撃","ブロード","銀",38,0,0,0,"","",""
310,3,"サバゲ星海光来ICONIC","攻撃","クロス","銀",36,0,0,0,"","",""
310,5,"サバゲ星海光来ICONIC","攻撃","ブロックアウト","銀",36,0,0,0,"","",""
314,1,"Xmas昼神幸郎ICONIC","攻撃","スパイク","銀",30,0,0,0,"","",""
314,2,"Xmas昼神幸郎ICONIC","攻撃","速攻","銀",30,0,0,0,"","",""
317,1,"サバゲ佐久早聖臣ICONIC","攻撃","スパイク","銀",37,0,0,0,"","",""
317,2,"サバゲ佐久早聖臣ICONIC","攻撃","速攻","銀",37,0,0,0,"","",""
322,4,"新年大将優ICONIC","攻撃","フェイント","銀",31,0,0,0,"","",""
323,1,"カンフー大将優ICONIC","攻撃","スパイク","銀",31,0,0,0,"","",""
323,2,"カンフー大将優ICONIC","攻撃","速攻","銀",31,0,0,0,"","",""
323,3,"カンフー大将優ICONIC","攻撃","クロス","銀",34,0,0,0,"","",""
325,2,"ユニフォーム沼井和馬ICONIC","攻撃","速攻","銀",36,0,0,0,"","",""
326,1,"ユニフォーム潜尚保ICONIC","攻撃","スパイク","銀",35,0,0,0,"","",""
326,2,"ユニフォーム潜尚保ICONIC","攻撃","速攻","銀",33,0,0,0,"","",""
327,1,"バーガー潜尚保ICONIC","攻撃","スパイク","銀",35,0,0,0,"","",""
30,1,"ユニフォーム西谷夕ICONIC","攻撃","","",0,0,0,0,"","",""
31,1,"制服西谷夕ICONIC","攻撃","","",0,0,0,0,"","",""
32,1,"Xmas西谷夕ICONIC","攻撃","","",0,0,0,0,"","",""
33,1,"バーガー西谷夕ICONIC","攻撃","","",0,0,0,0,"","",""
34,1,"文化祭2西谷夕ICONIC","攻撃","","",0,0,0,0,"","",""
35,1,"2周年西谷夕ICONIC","攻撃","","",0,0,0,0,"","",""
54,6,"ユニフォーム東峰旭YELL","攻撃","なし","桃",41,0,0,0,"","",""
81,1,"ユニフォーム夜久衛輔ICONIC","攻撃","","",0,0,0,0,"","",""
82,1,"1周年夜久衛輔ICONIC","攻撃","","",0,0,0,0,"","",""
83,1,"花火夜久衛輔ICONIC","攻撃","","",0,0,0,0,"","",""
84,1,"2周年夜久衛輔ICONIC","攻撃","","",0,0,0,0,"","",""
92,1,"ユニフォーム芝山優生ICONIC","攻撃","","",0,0,0,0,"","",""
115,1,"ユニフォーム作並浩輔ICONIC","攻撃","","",0,0,0,0,"","",""
116,1,"職業体験2作並浩輔ICONIC","攻撃","","",0,0,0,0,"","",""
146,1,"ユニフォーム渡親治ICONIC","攻撃","","",0,0,0,0,"","",""
159,1,"ユニフォーム桜井大河ICONIC","攻撃","","",0,0,0,0,"","",""
171,1,"ユニフォーム横手駿ICONIC","攻撃","","",0,0,0,0,"","",""
177,1,"ユニフォーム南田大志ICONIC","攻撃","","",0,0,0,0,"","",""
195,1,"ユニフォーム土湯新ICONIC","攻撃","","",0,0,0,0,"","",""
201,1,"ユニフォーム秋保和光ICONIC","攻撃","","",0,0,0,0,"","",""
236,1,"ユニフォーム山形隼人ICONIC","攻撃","","",0,0,0,0,"","",""
240,1,"ユニフォーム中川俊美ICONIC","攻撃","","",0,0,0,0,"","",""
246,1,"ユニフォーム赤谷勇ICONIC","攻撃","","",0,0,0,0,"","",""
272,1,"ユニフォーム赤木路成ICONIC","攻撃","","",0,0,0,0,"","",""
273,1,"Xmas2赤木路成ICONIC","攻撃","","",0,0,0,0,"","",""
290,1,"ユニフォーム小見春樹ICONIC","攻撃","","",0,0,0,0,"","",""
291,1,"路地裏2小見春樹ICONIC","攻撃","","",0,0,0,0,"","",""
304,1,"ユニフォーム貝掛亮文ICONIC","攻撃","","",0,0,0,0,"","",""
319,1,"ユニフォーム小森元也ICONIC","攻撃","","",0,0,0,0,"","",""
320,1,"キャンプ小森元也ICONIC","攻撃","","",0,0,0,0,"","",""
333,1,"ユニフォーム赤間颯ICONIC","攻撃","","",0,0,0,0,"","",""
1,1,"ユニフォーム日向翔陽ICONIC","攻撃","スパイク","金",27,6,0,0,"","",""
2,1,"制服日向翔陽ICONIC","攻撃","スパイク","金",27,6,0,0,"","",""
3,1,"夏祭り日向翔陽ICONIC","攻撃","スパイク","金",27,6,0,0,"","",""
4,1,"1周年日向翔陽ICONIC","攻撃","スパイク","金",27,6,0,0,"","",""
5,1,"王冠日向翔陽ICONIC","攻撃","スパイク","金",27,5,0,0,"","",""
6,1,"ジャージ日向翔陽ICONIC","攻撃","スパイク","金",28,6,0,0,"","",""
7,1,"遊園地日向翔陽ICONIC","攻撃","スパイク","銀",25,6,0,0,"","",""
51,6,"ユニフォーム東峰旭ICONIC","攻撃","なし","桃",41,0,0,0,"","☆5ランクで解放",""
61,4,"ユニフォーム成田一仁ICONIC","攻撃","フェイント","桃",39,5,49,7,"","★3で強化版が開放",""
5,6,"王冠日向翔陽ICONIC","攻撃","ブロックアウト","桃",44,5,54,7,"","",""
6,6,"ジャージ日向翔陽ICONIC","攻撃","フェイント","桃",41,5,51,7,"","",""
7,6,"遊園地日向翔陽ICONIC","攻撃","フェイント","桃",41,5,51,7,"","",""
12,6,"1周年影山飛雄ICONIC","攻撃","ストレート","桃",54,5,61,7,"","",""
16,6,"中学生影山飛雄ICONIC","攻撃","クロス","桃",54,5,64,7,"","",""
20,4,"1周年月島蛍ICONIC","攻撃","フェイント","桃",39,5,49,7,"","",""
22,5,"ジャージ月島蛍ICONIC","攻撃","フェイント","桃",39,5,49,7,"","",""
24,4,"アート2月島蛍ICONIC","攻撃","フェイント","桃",40,5,50,7,"","",""
24,5,"アート2月島蛍ICONIC","攻撃","クロス","桃",40,5,50,7,"","",""
38,6,"新年田中龍之介ICONIC","攻撃","ストレート","桃",37,0,45,0,"","",""
40,5,"仮装田中龍之介ICONIC","攻撃","ストレート","桃",37,5,47,7,"","",""
40,6,"仮装田中龍之介ICONIC","攻撃","フェイント","桃",37,5,47,7,"","",""
45,4,"新年2澤村大地ICONIC","攻撃","ストレート","桃",41,0,51,0,"","",""
50,4,"Xmas2菅原考支ICONIC","攻撃","クロス","桃",38,0,48,0,"","",""
53,6,"サバゲ東峰旭ICONIC","攻撃","ブロックアウト","桃",41,0,51,0,"","",""
63,5,"制服孤爪研磨ICONIC","攻撃","フェイント","桃",42,0,52,0,"","",""
70,6,"制服黒尾鉄朗ICONIC","攻撃","フェイント","桃",44,0,54,0,"","",""
72,7,"1周年黒尾鉄朗ICONIC","攻撃","クロス","桃",44,0,54,0,"","",""
74,6,"文化祭2黒尾鉄朗ICONIC","攻撃","クロス","桃",45,0,55,0,"","",""
74,7,"文化祭2黒尾鉄朗ICONIC","攻撃","フェイント","桃",45,0,55,0,"","",""
75,6,"中学生黒尾鉄朗ICONIC","攻撃","フェイント","桃",46,0,56,0,"","",""
75,7,"中学生黒尾鉄朗ICONIC","攻撃","クロス","桃",46,0,56,0,"","",""
78,6,"路地裏灰羽リエーフICONIC","攻撃","ストレート","桃",46,0,56,0,"","",""
80,5,"サバゲ2灰羽リエーフICONIC","攻撃","ストレート","桃",47,0,57,0,"","",""
80,7,"サバゲ2灰羽リエーフICONIC","攻撃","フェイント","桃",47,0,57,0,"","",""
86,6,"バーガー福永招平ICONIC","攻撃","クロス","桃",46,0,56,0,"","",""
87,7,"アート2福永招平ICONIC","攻撃","クロス","桃",46,0,56,0,"","",""
105,7,"路地裏二口堅治ICONIC","攻撃","ブロックアウト","桃",42,0,52,0,"","",""
107,5,"2周年二口堅治ICONIC","攻撃","フェイント","桃",42,0,52,0,"","",""
108,6,"アート2二口堅治ICONIC","攻撃","ブロックアウト","桃",43,0,53,0,"","",""
108,7,"アート2二口堅治ICONIC","攻撃","フェイント","桃",43,0,53,0,"","",""
125,6,"制服及川徹ICONIC","攻撃","フェイント","桃",51,0,61,0,"","",""
128,5,"2周年及川徹ICONIC","攻撃","フェイント","桃",52,0,62,0,"","",""
134,6,"路地裏2岩泉一ICONIC","攻撃","ブロックアウト","桃",48,0,58,0,"","",""
140,5,"梅雨京谷賢太郎ICONIC","攻撃","クロス","桃",49,0,59,0,"","",""
142,8,"職業体験国見英ICONIC","攻撃","フェイント","桃",44,0,54,0,"","",""
144,6,"カンフー国見英ICONIC","攻撃","フェイント","桃",44,0,54,0,"","",""
152,7,"バーガー花巻貴大ICONIC","攻撃","フェイント","桃",49,0,59,0,"","",""
156,5,"ユニフォーム駒木輝ICONIC","攻撃","フェイント","桃",44,0,54,0,"","",""
158,5,"ユニフォーム玉川弘樹ICONIC","攻撃","フェイント","桃",43,0,53,0,"","",""
168,5,"ユニフォーム田沢裕樹ICONIC","攻撃","フェイント","桃",45,0,55,0,"","",""
185,7,"雪遊び照島游児ICONIC","攻撃","クロス","桃",51,0,61,0,"","",""
187,5,"妖照島游児ICONIC","攻撃","クロス","桃",51,0,61,0,"","",""
194,5,"ユニフォーム東山勝道ICONIC","攻撃","フェイント","桃",38,0,48,0,"","",""
204,5,"ユニフォーム川渡瞬己ICONIC","攻撃","ブロード","桃",47,0,57,0,"","",""
205,5,"サバゲ2川渡瞬己ICONIC","攻撃","ブロード","桃",47,0,57,0,"","",""
208,7,"新年牛島若利ICONIC","攻撃","クロス","桃",51,0,61,0,"","",""
210,6,"文化祭2牛島若利ICONIC","攻撃","フェイント","桃",51,0,61,0,"","",""
210,7,"文化祭2牛島若利ICONIC","攻撃","クロス","桃",51,0,61,0,"","",""
216,5,"仮装天童覚ICONIC","攻撃","ストレート","桃",49,0,59,0,"","",""
219,8,"職業体験五色工ICONIC","攻撃","クロス","桃",49,0,59,0,"","",""
221,8,"バカンス五色工ICONIC","攻撃","ブロックアウト","桃",49,0,59,0,"","",""
244,5,"ユニフォーム千鹿谷栄吉ICONIC","攻撃","ブロックアウト","桃",47,0,57,0,"","",""
244,6,"ユニフォーム千鹿谷栄吉ICONIC","攻撃","フェイント","桃",47,0,57,0,"","",""
257,5,"ユニフォーム宮治ICONIC","攻撃","スパイク","桃",50,0,60,0,"","",""
260,7,"遊園地宮治ICONIC","攻撃","クロス","桃",52,0,62,0,"","",""
269,5,"職業体験2北信介ICONIC","攻撃","ブロックアウト","桃",48,0,58,0,"","",""
276,5,"ユニフォーム銀島結ICONIC","攻撃","クロス","桃",46,0,56,0,"","",""
277,6,"Xmas2銀島結ICONIC","攻撃","ブロックアウト","桃",46,0,56,0,"","",""
279,9,"夏祭り木兎光太郎ICONIC","攻撃","クロス","桃",51,0,61,0,"","",""
280,8,"Xmas木兎光太郎ICONIC","攻撃","フェイント","桃",51,0,61,0,"","",""
280,9,"Xmas木兎光太郎ICONIC","攻撃","リバウンド","桃",51,0,61,0,"","",""
283,8,"2周年木兎光太郎ICONIC","攻撃","ブロックアウト","桃",51,0,61,0,"","",""
305,6,"ユニフォーム丸山一喜ICONIC","攻撃","クロス","桃",46,0,56,0,"","",""
307,7,"ユニフォーム寺泊基希ICONIC","攻撃","速攻","桃",46,0,56,0,"","",""
312,8,"新年2星海光来ICONIC","攻撃","ブロックアウト","桃",51,0,61,0,"","",""
317,8,"サバゲ佐久早聖臣ICONIC","攻撃","ブロックアウト","桃",51,0,61,0,"","",""
317,9,"サバゲ佐久早聖臣ICONIC","攻撃","フェイント","桃",51,0,61,0,"","",""
318,9,"新年2佐久早聖臣ICONIC","攻撃","ブロックアウト","桃",51,0,61,0,"","",""
322,6,"新年大将優ICONIC","攻撃","フェイント","桃",49,0,59,0,"","",""
322,7,"新年大将優ICONIC","攻撃","クロス","桃",49,0,59,0,"","",""
327,6,"バーガー潜尚保ICONIC","攻撃","クロス","桃",43,0,53,0,"","",""
19,4,"職業体験月島蛍ICONIC","攻撃","なし","桃",39,5,49,7,"","",""
22,4,"ジャージ月島蛍ICONIC","攻撃","なし","桃",37,5,47,5,"","",""
36,4,"ユニフォーム田中龍之介ICONIC","攻撃","なし","桃",37,5,45,7,"","",""
37,4,"制服田中龍之介ICONIC","攻撃","なし","桃",37,5,45,7,"","",""
38,5,"新年田中龍之介ICONIC","攻撃","なし","桃",37,5,45,7,"","",""
99,5,"プール掃除青根高伸ICONIC","攻撃","なし","桃",51,5,61,7,"","",""
181,3,"ユニフォーム百沢雄大ICONIC","攻撃","なし","桃",50,5,60,8,"","",""
182,3,"職業体験百沢雄大ICONIC","攻撃","なし","桃",50,5,60,8,"","",""
29,4,"ジャージ山口忠ICONIC","攻撃","なし","桃",35,0,45,0,"","",""
43,4,"文化祭澤村大地ICONIC","攻撃","なし","桃",43,0,53,0,"","",""
51,5,"ユニフォーム東峰旭ICONIC","攻撃","なし","桃",41,0,51,0,"","",""
54,5,"ユニフォーム東峰旭YELL","攻撃","なし","桃",41,0,51,0,"","",""
56,4,"探偵縁下力ICONIC","攻撃","なし","桃",42,0,52,0,"","",""
58,4,"花火縁下力ICONIC","攻撃","なし","桃",43,0,53,0,"","",""
77,4,"探偵灰羽リエーフICONIC","攻撃","なし","桃",46,0,56,0,"","",""
78,5,"路地裏灰羽リエーフICONIC","攻撃","なし","桃",46,0,56,0,"","",""
79,4,"文化祭2灰羽リエーフICONIC","攻撃","なし","桃",46,0,56,0,"","",""
85,6,"ユニフォーム福永招平ICONIC","攻撃","なし","桃",46,0,56,0,"","",""
87,6,"アート2福永招平ICONIC","攻撃","なし","桃",46,0,56,0,"","",""
89,5,"新年犬岡走ICONIC","攻撃","なし","桃",42,0,52,0,"","",""
90,5,"ユニフォーム山本猛虎ICONIC","攻撃","なし","桃",45,0,55,0,"","",""
91,5,"新年山本猛虎ICONIC","攻撃","なし","桃",45,0,55,0,"","",""
93,6,"ユニフォーム海信之ICONIC","攻撃","なし","桃",45,0,55,0,"","",""
94,6,"遊園地海信之ICONIC","攻撃","なし","桃",45,0,55,0,"","",""
95,6,"ユニフォーム海信之YELL","攻撃","なし","桃",45,0,55,0,"","",""
98,5,"制服青根高伸ICONIC","攻撃","なし","桃",43,0,53,0,"","",""
101,6,"甲冑青根高伸ICONIC","攻撃","なし","桃",43,0,53,0,"","",""
102,5,"ユニフォーム二口堅治ICONIC","攻撃","なし","桃",43,0,53,0,"","",""
103,5,"制服二口堅治ICONIC","攻撃","なし","桃",43,0,53,0,"","",""
105,6,"路地裏二口堅治ICONIC","攻撃","なし","桃",42,0,52,0,"","",""
113,6,"ユニフォーム小原豊ICONIC","攻撃","なし","桃",41,0,51,0,"","",""
121,4,"ユニフォーム笹谷武仁ICONIC","攻撃","なし","桃",47,0,57,0,"","",""
125,5,"制服及川徹ICONIC","攻撃","なし","桃",51,0,61,0,"","",""
128,6,"2周年及川徹ICONIC","攻撃","なし","桃",52,0,62,0,"","",""
129,5,"ユニフォーム岩泉一ICONIC","攻撃","なし","桃",47,0,57,0,"","",""
130,5,"プール掃除岩泉一ICONIC","攻撃","なし","桃",47,0,57,0,"","",""
133,5,"バカンス岩泉一ICONIC","攻撃","なし","桃",47,0,57,0,"","",""
134,5,"路地裏2岩泉一ICONIC","攻撃","なし","桃",48,0,58,0,"","",""
135,4,"ユニフォーム金田一勇太郎ICONIC","攻撃","なし","桃",43,0,53,0,"","",""
136,4,"雪遊び金田一勇太郎ICONIC","攻撃","なし","桃",43,0,53,0,"","",""
137,4,"カンフー金田一勇太郎ICONIC","攻撃","なし","桃",43,0,53,0,"","",""
138,4,"中学生金田一勇太郎ICONIC","攻撃","なし","桃",43,0,53,0,"","",""
139,6,"ユニフォーム京谷賢太郎ICONIC","攻撃","なし","桃",49,0,59,0,"","",""
141,6,"ユニフォーム国見英ICONIC","攻撃","なし","桃",44,0,54,0,"","",""
142,9,"職業体験国見英ICONIC","攻撃","なし","桃",44,0,54,0,"","",""
144,7,"カンフー国見英ICONIC","攻撃","なし","桃",44,0,54,0,"","",""
162,5,"ユニフォーム池尻隼人ICONIC","攻撃","なし","桃",45,0,55,0,"","",""
163,5,"文化祭2池尻隼人ICONIC","攻撃","なし","桃",45,0,55,0,"","",""
165,5,"ユニフォーム十和田良樹ICONIC","攻撃","なし","桃",47,0,57,0,"","",""
167,5,"ユニフォーム唐松拓巳ICONIC","攻撃","なし","桃",45,0,55,0,"","",""
176,5,"ユニフォーム浅虫快人ICONIC","攻撃","なし","桃",46,0,56,0,"","",""
179,5,"ユニフォーム稲垣功ICONIC","攻撃","なし","桃",44,0,54,0,"","",""
185,6,"雪遊び照島游児ICONIC","攻撃","なし","桃",51,0,61,0,"","",""
189,4,"アート2母畑和馬ICONIC","攻撃","なし","桃",46,0,56,0,"","",""
192,5,"ユニフォーム沼尻凛太郎ICONIC","攻撃","なし","桃",45,0,55,0,"","",""
198,5,"ユニフォーム白石優希ICONIC","攻撃","なし","桃",42,0,52,0,"","",""
203,4,"妖松島剛ICONIC","攻撃","なし","桃",43,0,54,0,"","",""
206,5,"ユニフォーム牛島若利ICONIC","攻撃","なし","桃",51,0,61,0,"","",""
208,6,"新年牛島若利ICONIC","攻撃","なし","桃",51,0,61,0,"","",""
213,5,"水着天童覚ICONIC","攻撃","なし","桃",48,0,58,0,"","",""
215,3,"制服天童覚ICONIC","攻撃","なし","桃",48,0,58,0,"","",""
217,3,"遊園地天童覚ICONIC","攻撃","なし","桃",48,0,58,0,"","",""
218,5,"ユニフォーム五色工ICONIC","攻撃","なし","桃",49,0,59,0,"","",""
219,7,"職業体験五色工ICONIC","攻撃","なし","桃",49,0,59,0,"","",""
220,5,"制服五色工ICONIC","攻撃","なし","桃",49,0,59,0,"","",""
221,7,"バカンス五色工ICONIC","攻撃","なし","桃",49,0,59,0,"","",""
222,5,"Xmas2五色工ICONIC","攻撃","なし","桃",49,0,59,0,"","",""
229,4,"ユニフォーム大平獅音ICONIC","攻撃","なし","桃",49,0,59,0,"","",""
238,5,"ユニフォーム芦谷洋平ICONIC","攻撃","なし","桃",48,0,58,0,"","",""
243,4,"ユニフォーム湯河浩二ICONIC","攻撃","なし","桃",48,0,58,0,"","",""
245,5,"ユニフォーム小鹿野大樹ICONIC","攻撃","なし","桃",45,0,55,0,"","",""
260,6,"遊園地宮治ICONIC","攻撃","なし","桃",52,0,62,0,"","",""
262,5,"サバゲ角名倫太郎ICONIC","攻撃","なし","桃",47,0,57,0,"","",""
263,5,"花火角名倫太郎ICONIC","攻撃","なし","桃",47,0,57,0,"","",""
264,5,"路地裏2角名倫太郎ICONIC","攻撃","なし","桃",47,0,57,0,"","",""
265,4,"ユニフォーム北信介ICONIC","攻撃","なし","桃",47,0,57,0,"","",""
268,4,"新年2北信介ICONIC","攻撃","なし","桃",47,0,57,0,"","",""
269,4,"職業体験2北信介ICONIC","攻撃","なし","桃",48,0,58,0,"","",""
270,5,"ユニフォーム尾白アランICONIC","攻撃","なし","桃",45,0,55,0,"","",""
271,5,"雪遊び尾白アランICONIC","攻撃","なし","桃",45,0,55,0,"","",""
276,6,"ユニフォーム銀島結ICONIC","攻撃","なし","桃",46,0,56,0,"","",""
277,5,"Xmas2銀島結ICONIC","攻撃","なし","桃",46,0,56,0,"","",""
278,9,"ユニフォーム木兎光太郎ICONIC","攻撃","なし","桃",51,0,61,0,"","",""
281,8,"制服木兎光太郎ICONIC","攻撃","なし","桃",51,0,61,0,"","",""
282,8,"キャンプ木兎光太郎ICONIC","攻撃","なし","桃",51,0,61,0,"","",""
284,4,"ユニフォーム木葉秋紀ICONIC","攻撃","なし","桃",49,0,59,0,"","",""
285,5,"探偵木葉秋紀ICONIC","攻撃","なし","桃",49,0,59,0,"","",""
289,5,"ユニフォーム猿杙大和ICONIC","攻撃","なし","桃",47,0,57,0,"","",""
306,5,"ユニフォーム舞子侑志ICONIC","攻撃","なし","桃",38,0,48,0,"","",""
307,6,"ユニフォーム寺泊基希ICONIC","攻撃","なし","桃",46,0,56,0,"","",""
308,7,"ユニフォーム星海光来ICONIC","攻撃","なし","桃",51,0,61,0,"","",""
309,7,"文化祭星海光来ICONIC","攻撃","なし","桃",51,0,61,0,"","",""
312,7,"新年2星海光来ICONIC","攻撃","なし","桃",51,0,61,0,"","",""
316,8,"ユニフォーム佐久早聖臣ICONIC","攻撃","なし","桃",51,0,61,0,"","",""
318,8,"新年2佐久早聖臣ICONIC","攻撃","なし","桃",51,0,61,0,"","",""
321,5,"ユニフォーム大将優ICONIC","攻撃","なし","桃",49,0,59,0,"","",""
324,5,"妖大将優ICONIC","攻撃","なし","桃",49,0,59,0,"","",""
326,6,"ユニフォーム潜尚保ICONIC","攻撃","なし","桃",43,0,53,0,"","",""
1,6,"ユニフォーム日向翔陽ICONIC","攻撃","速攻","桃",39,5,49,7,"ユニフォーム影山飛雄、制服影山飛雄、夏祭り影山飛雄","",""
2,6,"制服日向翔陽ICONIC","攻撃","速攻","桃",39,5,49,7,"ユニフォーム影山飛雄、制服影山飛雄、夏祭り影山飛雄","",""
3,6,"夏祭り日向翔陽ICONIC","攻撃","速攻","桃",39,5,49,7,"ユニフォーム影山飛雄、制服影山飛雄、夏祭り影山飛雄","",""
4,6,"1周年日向翔陽ICONIC","攻撃","なし","桃",39,5,49,7,"1周年影山飛雄","",""
5,7,"王冠日向翔陽ICONIC","攻撃","クロス","桃",44,5,54,7,"王冠影山飛雄、2周年影山飛雄","",""
6,7,"ジャージ日向翔陽ICONIC","攻撃","リバウンド","桃",44,5,54,7,"ジャージ影山飛雄","",""
20,5,"1周年月島蛍ICONIC","攻撃","なし","桃",37,5,47,7,"1周年影山飛雄、2周年影山飛雄","",""
23,4,"2周年月島蛍ICONIC","攻撃","なし","桃",39,5,49,7,"1周年影山飛雄、2周年影山飛雄","",""
51,7,"ユニフォーム東峰旭ICONIC","攻撃","ブロックアウト","桃",41,0,51,0,"ジャージ月島蛍","",""
51,8,"ユニフォーム東峰旭ICONIC","攻撃","なし","桃",41,0,51,0,"Xmas西谷夕","",""
52,5,"プール掃除東峰旭ICONIC","攻撃","なし","桃",39,0,49,0,"Xmas西谷夕","",""
53,7,"サバゲ東峰旭ICONIC","攻撃","なし","桃",41,0,51,0,"Xmas西谷夕","",""
71,6,"夏祭り黒尾鉄朗ICONIC","攻撃","なし","桃",44,0,54,0,"ユニフォーム孤爪研磨、夏祭り孤爪研磨、1週年孤爪研磨、中学生孤爪研磨","",""
72,6,"1周年黒尾鉄朗ICONIC","攻撃","なし","桃",44,0,54,0,"ユニフォーム孤爪研磨、夏祭り孤爪研磨、1週年孤爪研磨、中学生孤爪研磨","",""
74,8,"文化祭2黒尾鉄朗ICONIC","攻撃","なし","桃",45,0,55,0,"SICO孤爪研磨、ユニフォーム孤爪研磨、夏祭り孤爪研磨、1週年孤爪研磨、中学生孤爪研磨","",""
75,8,"中学生黒尾鉄朗ICONIC","攻撃","なし","桃",46,0,56,0,"SICO孤爪研磨、ユニフォーム孤爪研磨、夏祭り孤爪研磨、1週年孤爪研磨、中学生孤爪研磨","",""
76,4,"ユニフォーム灰羽リエーフICONIC","攻撃","なし","桃",46,0,56,0,"SICO孤爪研磨、ユニフォーム孤爪研磨、Xmas2孤爪研磨","",""
79,5,"文化祭2灰羽リエーフICONIC","攻撃","なし","桃",46,0,56,0,"SICO孤爪研磨、ユニフォーム孤爪研磨、Xmas2孤爪研磨","",""
80,6,"サバゲ2灰羽リエーフICONIC","攻撃","なし","桃",46,0,56,0,"SICO孤爪研磨、ユニフォーム孤爪研磨、Xmas2孤爪研磨","",""
97,5,"ユニフォーム青根高伸ICONIC","攻撃","なし","桃",51,0,61,0,"スパイ黄金川貫至","",""
101,5,"甲冑青根高伸ICONIC","攻撃","なし","桃",51,5,61,7,"スパイ黄金川貫至","",""
130,6,"プール掃除岩泉一ICONIC","攻撃","なし","桃",47,0,57,0,"プール掃除及川徹、バカンス及川徹","",""
133,6,"バカンス岩泉一ICONIC","攻撃","なし","桃",47,0,57,0,"プール掃除及川徹、バカンス及川徹","",""
139,5,"ユニフォーム京谷賢太郎ICONIC","攻撃","なし","桃",49,0,59,0,"ユニフォーム矢巾秀","",""
209,5,"制服牛島若利ICONIC","攻撃","なし","桃",51,0,61,0,"制服天童覚","",""
209,6,"制服牛島若利ICONIC","攻撃","クロス","桃",51,0,61,0,"制服白布賢二郎","",""
211,5,"妖牛島若利ICONIC","攻撃","なし","桃",51,0,61,0,"制服天童覚","",""
230,3,"ユニフォーム川西太一ICONIC","攻撃","なし","桃",49,0,59,0,"路地裏2白布賢二郎、牛島若利、五色工","詳細は路地裏白布を参照",""
254,3,"カンフー宮侑ICONIC","攻撃","なし","桃",54,0,64,0,"カンフー宮治","",""
257,6,"ユニフォーム宮治ICONIC","攻撃","速攻","桃",52,0,62,0,"ユニフォーム宮侑、文化祭宮侑、新年2宮侑","",""
260,8,"遊園地宮治ICONIC","攻撃","速攻","桃",50,0,60,0,"ユニフォーム宮侑、文化祭宮侑、新年2宮侑","",""
278,8,"ユニフォーム木兎光太郎ICONIC","攻撃","なし","桃",51,0,61,0,"夏祭り、制服赤葦京治","",""
279,8,"夏祭り木兎光太郎ICONIC","攻撃","なし","桃",51,0,61,0,"夏祭り、制服赤葦京治","",""
281,9,"制服木兎光太郎ICONIC","攻撃","クロス","桃",51,0,61,0,"夏祭り、制服赤葦京治","",""
